<?xml version="1.0" encoding="ISO-8859-1"?>
<modeling>
 <generator>
  <i name="program" type="string">vasp </i>
  <i name="version" type="string">5.4.4.18Apr17-6-g9f103f2a35  </i>
  <i name="subversion" type="string">(build Mar 14 2021 04:18:29) complex            parallel </i>
  <i name="platform" type="string">LinuxIFC </i>
  <i name="date" type="string">2021 03 14 </i>
  <i name="time" type="string">05:39:34 </i>
 </generator>
 <incar>
  <i type="string" name="PREC">normal</i>
  <i type="string" name="ALGO"> EVGW0</i>
  <i type="int" name="NBANDS">    64</i>
  <i type="int" name="NOMEGA">    50</i>
  <v type="int" name="KPOINT_BSE">    -1     0     0     0</v>
  <i type="logical" name="LSPECTRAL"> T  </i>
  <i type="logical" name="LRPA"> F  </i>
  <i type="logical" name="LWANNIER90"> T  </i>
 </incar>
 <structure name="primitive_cell" >
  <crystal>
   <varray name="basis" >
    <v>       2.71500000       2.71500000       0.00000000 </v>
    <v>       0.00000000       2.71500000       2.71500000 </v>
    <v>       2.71500000       0.00000000       2.71500000 </v>
   </varray>
   <i name="volume">     40.02575175 </i>
   <varray name="rec_basis" >
    <v>       0.18416206       0.18416206      -0.18416206 </v>
    <v>      -0.18416206       0.18416206       0.18416206 </v>
    <v>       0.18416206      -0.18416206       0.18416206 </v>
   </varray>
  </crystal>
  <varray name="positions" >
   <v>       0.00000000       0.00000000       0.00000000 </v>
   <v>       0.25000000       0.25000000       0.25000000 </v>
  </varray>
 </structure>
 <varray name="primitive_index" >
  <v type="int" >        1 </v>
  <v type="int" >        2 </v>
 </varray>
 <kpoints>
  <generation param="Gamma">
   <v type="int" name="divisions">       4        4        4 </v>
   <v name="usershift">      0.00000000       0.00000000       0.00000000 </v>
   <v name="genvec1">      0.25000000       0.00000000       0.00000000 </v>
   <v name="genvec2">      0.00000000       0.25000000       0.00000000 </v>
   <v name="genvec3">      0.00000000       0.00000000       0.25000000 </v>
   <v name="shift">      0.00000000       0.00000000       0.00000000 </v>
  </generation>
  <varray name="kpointlist" >
   <v>       0.00000000       0.00000000       0.00000000 </v>
   <v>       0.25000000       0.00000000       0.00000000 </v>
   <v>       0.50000000       0.00000000       0.00000000 </v>
   <v>       0.25000000       0.25000000       0.00000000 </v>
   <v>       0.50000000       0.25000000       0.00000000 </v>
   <v>      -0.25000000       0.25000000       0.00000000 </v>
   <v>       0.50000000       0.50000000       0.00000000 </v>
   <v>      -0.25000000       0.50000000       0.25000000 </v>
  </varray>
  <varray name="weights" >
   <v>       0.01562500 </v>
   <v>       0.12500000 </v>
   <v>       0.06250000 </v>
   <v>       0.09375000 </v>
   <v>       0.37500000 </v>
   <v>       0.18750000 </v>
   <v>       0.04687500 </v>
   <v>       0.09375000 </v>
  </varray>
 </kpoints>
 <parameters>
  <separator name="general" >
   <i type="string" name="SYSTEM">unknown system</i>
   <i type="logical" name="LCOMPAT"> F  </i>
  </separator>
  <separator name="electronic" >
   <i type="string" name="PREC">normal</i>
   <i name="ENMAX">    245.70400000</i>
   <i name="ENAUG">    412.95200000</i>
   <i name="EDIFF">      0.00010000</i>
   <i type="int" name="IALGO">    38</i>
   <i type="int" name="IWAVPR">    10</i>
   <i type="int" name="NBANDS">    64</i>
   <i name="NELECT">      8.00000000</i>
   <i type="int" name="TURBO">     0</i>
   <i type="int" name="IRESTART">     0</i>
   <i type="int" name="NREBOOT">     0</i>
   <i type="int" name="NMIN">     0</i>
   <i name="EREF">      0.00000000</i>
   <separator name="electronic smearing" >
    <i type="int" name="ISMEAR">     1</i>
    <i name="SIGMA">      0.20000000</i>
    <i name="KSPACING">      0.50000000</i>
    <i type="logical" name="KGAMMA"> T  </i>
   </separator>
   <separator name="electronic projectors" >
    <i type="logical" name="LREAL"> F  </i>
    <v name="ROPT">      0.00000000</v>
    <i type="int" name="LMAXPAW">  -100</i>
    <i type="int" name="LMAXMIX">     2</i>
    <i type="logical" name="NLSPLINE"> F  </i>
   </separator>
   <separator name="electronic startup" >
    <i type="int" name="ISTART">     1</i>
    <i type="int" name="ICHARG">     0</i>
    <i type="int" name="INIWAV">     1</i>
   </separator>
   <separator name="electronic spin" >
    <i type="int" name="ISPIN">     1</i>
    <i type="logical" name="LNONCOLLINEAR"> F  </i>
    <v name="MAGMOM">      1.00000000      1.00000000</v>
    <i name="NUPDOWN">     -1.00000000</i>
    <i type="logical" name="LSORBIT"> F  </i>
    <v name="SAXIS">      0.00000000      0.00000000      1.00000000</v>
    <i type="logical" name="LSPIRAL"> F  </i>
    <v name="QSPIRAL">      0.00000000      0.00000000      0.00000000</v>
    <i type="logical" name="LZEROZ"> F  </i>
   </separator>
   <separator name="electronic exchange-correlation" >
    <i type="logical" name="LASPH"> F  </i>
    <i type="logical" name="LMETAGGA"> F  </i>
   </separator>
   <separator name="electronic convergence" >
    <i type="int" name="NELM">    60</i>
    <i type="int" name="NELMDL">     0</i>
    <i type="int" name="NELMIN">     2</i>
    <i name="ENINI">    245.70400000</i>
    <separator name="electronic convergence detail" >
     <i type="logical" name="LDIAG"> T  </i>
     <i type="logical" name="LSUBROT"> F  </i>
     <i name="WEIMIN">      0.00000000</i>
     <i name="EBREAK">      0.00000039</i>
     <i name="DEPER">      0.30000000</i>
     <i type="int" name="NRMM">     4</i>
     <i name="TIME">      0.40000000</i>
    </separator>
   </separator>
   <separator name="electronic mixer" >
    <i name="AMIX">      0.40000000</i>
    <i name="BMIX">      1.00000000</i>
    <i name="AMIN">      0.10000000</i>
    <i name="AMIX_MAG">      1.60000000</i>
    <i name="BMIX_MAG">      1.00000000</i>
    <separator name="electronic mixer details" >
     <i type="int" name="IMIX">     4</i>
     <i type="logical" name="MIXFIRST"> F  </i>
     <i type="int" name="MAXMIX">   -45</i>
     <i name="WC">    100.00000000</i>
     <i type="int" name="INIMIX">     1</i>
     <i type="int" name="MIXPRE">     1</i>
     <i type="int" name="MREMOVE">     5</i>
    </separator>
   </separator>
   <separator name="electronic dipolcorrection" >
    <i type="logical" name="LDIPOL"> F  </i>
    <i type="logical" name="LMONO"> F  </i>
    <i type="int" name="IDIPOL">     0</i>
    <i name="EPSILON">      1.00000000</i>
    <v name="DIPOL">   -100.00000000   -100.00000000   -100.00000000</v>
    <i name="EFIELD">      0.00000000</i>
   </separator>
  </separator>
  <separator name="grids" >
   <i type="int" name="NGX">    16</i>
   <i type="int" name="NGY">    16</i>
   <i type="int" name="NGZ">    16</i>
   <i type="int" name="NGXF">    32</i>
   <i type="int" name="NGYF">    32</i>
   <i type="int" name="NGZF">    32</i>
   <i type="logical" name="ADDGRID"> F  </i>
  </separator>
  <separator name="ionic" >
   <i type="int" name="NSW">     0</i>
   <i type="int" name="IBRION">    -1</i>
   <i type="int" name="MDALGO">     0</i>
   <i type="int" name="ISIF">     2</i>
   <i name="PSTRESS">      0.00000000</i>
   <i name="EDIFFG">      0.00100000</i>
   <i type="int" name="NFREE">     0</i>
   <i name="POTIM">      0.50000000</i>
   <i name="SMASS">     -3.00000000</i>
   <i name="SCALEE">      1.00000000</i>
  </separator>
  <separator name="ionic md" >
   <i name="TEBEG">      0.00010000</i>
   <i name="TEEND">      0.00010000</i>
   <i type="int" name="NBLOCK">     1</i>
   <i type="int" name="KBLOCK">     1</i>
   <i type="int" name="NPACO">   256</i>
   <i name="APACO">     16.00000000</i>
  </separator>
  <separator name="symmetry" >
   <i type="int" name="ISYM">     2</i>
   <i name="SYMPREC">      0.00001000</i>
  </separator>
  <separator name="dos" >
   <i type="int" name="LORBIT">     0</i>
   <v name="RWIGS">     -1.00000000</v>
   <i type="int" name="NEDOS">   301</i>
   <i name="EMIN">     10.00000000</i>
   <i name="EMAX">    -10.00000000</i>
   <i name="EFERMI">      0.00000000</i>
  </separator>
  <separator name="writing" >
   <i type="int" name="NWRITE">     2</i>
   <i type="logical" name="LWAVE"> T  </i>
   <i type="logical" name="LDOWNSAMPLE"> F  </i>
   <i type="logical" name="LCHARG"> T  </i>
   <i type="logical" name="LPARD"> F  </i>
   <i type="logical" name="LVTOT"> F  </i>
   <i type="logical" name="LVHAR"> F  </i>
   <i type="logical" name="LELF"> F  </i>
   <i type="logical" name="LOPTICS"> F  </i>
   <v name="STM">      0.00000000      0.00000000      0.00000000      0.00000000      0.00000000      0.00000000      0.00000000</v>
  </separator>
  <separator name="performance" >
   <i type="int" name="NPAR">     1</i>
   <i type="int" name="NSIM">     4</i>
   <i type="int" name="NBLK">    -1</i>
   <i type="logical" name="LPLANE"> T  </i>
   <i type="logical" name="LSCALAPACK"> T  </i>
   <i type="logical" name="LSCAAWARE"> F  </i>
   <i type="logical" name="LSCALU"> F  </i>
   <i type="logical" name="LASYNC"> F  </i>
   <i type="logical" name="LORBITALREAL"> F  </i>
  </separator>
  <separator name="miscellaneous" >
   <i type="int" name="IDIOT">     3</i>
   <i type="int" name="ISPECIAL">     0</i>
   <i type="logical" name="LMUSIC"> F  </i>
   <v name="POMASS">     28.08500000</v>
   <v name="DARWINR">      0.00000000</v>
   <v name="DARWINV">      1.00000000</v>
   <i type="logical" name="LCORR"> T  </i>
  </separator>
  <i type="logical" name="GGA_COMPAT"> T  </i>
  <i type="logical" name="LBERRY"> F  </i>
  <i type="int" name="ICORELEVEL">     0</i>
  <i type="logical" name="LDAU"> F  </i>
  <i type="int" name="I_CONSTRAINED_M">     0</i>
  <separator name="electronic exchange-correlation" >
   <i type="string" name="GGA">--</i>
   <i type="int" name="VOSKOWN">     0</i>
   <i type="logical" name="LHFCALC"> F  </i>
   <i type="string" name="PRECFOCK"></i>
   <i type="logical" name="LSYMGRAD"> F  </i>
   <i type="logical" name="LHFONE"> F  </i>
   <i type="logical" name="LRHFCALC"> F  </i>
   <i type="logical" name="LTHOMAS"> F  </i>
   <i type="logical" name="LMODELHF"> F  </i>
   <i name="ENCUT4O">     -1.00000000</i>
   <i type="int" name="EXXOEP">     0</i>
   <i type="int" name="FOURORBIT">     0</i>
   <i name="AEXX">      0.00000000</i>
   <i name="HFALPHA">      0.00000000</i>
   <i name="MCALPHA">      0.00000000</i>
   <i name="ALDAX">      1.00000000</i>
   <i name="AGGAX">      1.00000000</i>
   <i name="ALDAC">      1.00000000</i>
   <i name="AGGAC">      1.00000000</i>
   <i type="int" name="NKREDX">     1</i>
   <i type="int" name="NKREDY">     1</i>
   <i type="int" name="NKREDZ">     1</i>
   <i type="logical" name="SHIFTRED"> F  </i>
   <i type="logical" name="ODDONLY"> F  </i>
   <i type="logical" name="EVENONLY"> F  </i>
   <i type="int" name="LMAXFOCK">     0</i>
   <i type="int" name="NMAXFOCKAE">     0</i>
   <i type="logical" name="LFOCKAEDFT"> F  </i>
   <i name="HFSCREEN">      0.00000000</i>
   <i name="HFSCREENC">      0.00000000</i>
   <i type="int" name="NBANDSGWLOW">     0</i>
  </separator>
  <separator name="vdW DFT" >
   <i type="logical" name="LUSE_VDW"> F  </i>
   <i name="Zab_VDW">     -0.84910000</i>
   <i name="PARAM1">      0.12340000</i>
   <i name="PARAM2">      1.00000000</i>
   <i name="PARAM3">      0.00000000</i>
  </separator>
  <separator name="model GW" >
   <i type="int" name="MODEL_GW">     0</i>
   <i name="MODEL_EPS0">     12.00772552</i>
   <i name="MODEL_ALPHA">      1.00000000</i>
  </separator>
  <separator name="linear response parameters" >
   <i type="logical" name="LEPSILON"> F  </i>
   <i type="logical" name="LRPA"> F  </i>
   <i type="logical" name="LNABLA"> F  </i>
   <i type="logical" name="LVEL"> F  </i>
   <i type="int" name="KINTER">     0</i>
   <i name="CSHIFT">      0.10000000</i>
   <i name="OMEGAMAX">     -1.00000000</i>
   <i name="DEG_THRESHOLD">      0.00200000</i>
   <i name="RTIME">     -0.10000000</i>
   <i name="WPLASMAI">      0.00000000</i>
   <v name="DFIELD">      0.00000000      0.00000000      0.00000000</v>
   <v name="WPLASMA">      0.00000000      0.00000000      0.00000000      0.00000000      0.00000000      0.00000000      0.00000000      0.00000000      0.00000000</v>
  </separator>
  <separator name="orbital magnetization" >
   <i type="logical" name="NUCIND"> F  </i>
   <v name="MAGPOS">      0.00000000      0.00000000      0.00000000</v>
   <i type="logical" name="LNICSALL"> T  </i>
   <i type="logical" name="ORBITALMAG"> F  </i>
   <i type="logical" name="LMAGBLOCH"> F  </i>
   <i type="logical" name="LCHIMAG"> F  </i>
   <i type="logical" name="LGAUGE"> T  </i>
   <i type="int" name="MAGATOM">     0</i>
   <v name="MAGDIPOL">      0.00000000      0.00000000      0.00000000</v>
   <v name="AVECCONST">      0.00000000      0.00000000      0.00000000</v>
  </separator>
  <separator name="response functions" >
   <i type="logical" name="LADDER"> T  </i>
   <i type="logical" name="LRPAFORCE"> F  </i>
   <i type="logical" name="LFXC"> F  </i>
   <i type="logical" name="LHARTREE"> T  </i>
   <i type="int" name="IBSE">     0</i>
   <v type="int" name="KPOINT">    -1     0     0     0</v>
   <i type="logical" name="LTCTE"> F  </i>
   <i type="logical" name="LTETE"> F  </i>
   <i type="logical" name="LTRIPLET"> F  </i>
   <i type="logical" name="LFXCEPS"> F  </i>
   <i type="logical" name="LFXHEG"> F  </i>
   <i type="int" name="NATURALO">     2</i>
   <i type="logical" name="L2ORDER"> F  </i>
   <i type="logical" name="LMP2LT"> F  </i>
   <i type="logical" name="LUSEW"> F  </i>
   <i name="ENCUTGW">     -2.00000000</i>
   <i name="ENCUTGWSOFT">     -2.00000000</i>
   <i name="ENCUTLF">     -1.00000000</i>
   <i type="int" name="LMAXMP2">    -1</i>
   <i name="SCISSOR">      0.00000000</i>
   <i type="int" name="NOMEGA">    50</i>
   <i type="int" name="NOMEGAR">     0</i>
   <i type="int" name="NBANDSGW">    -1</i>
   <i type="int" name="NBANDSO">    -1</i>
   <i type="int" name="NBANDSV">    -1</i>
   <i type="int" name="NELM">     1</i>
   <i type="int" name="NELMHF">     1</i>
   <i type="int" name="DIM">     3</i>
   <i type="int" name="ANTIRES">     0</i>
   <i name="OMEGAMAX">    -30.00000000</i>
   <i name="OMEGAMIN">    -30.00000000</i>
   <i name="OMEGATL">   -200.00000000</i>
   <i type="int" name="OMEGAGRID">   140</i>
   <i name="CSHIFT">     -0.10000000</i>
   <i type="logical" name="SELFENERGY"> F  </i>
   <i type="logical" name="LSPECTRAL"> T  </i>
   <i type="logical" name="LSPECTRALGW"> F  </i>
   <i type="logical" name="LSINGLES"> F  </i>
   <i type="logical" name="LFERMIGW"> F  </i>
   <i type="logical" name="ODDONLYGW"> F  </i>
   <i type="logical" name="EVENONLYGW"> F  </i>
   <i type="int" name="NKREDLFX">     1</i>
   <i type="int" name="NKREDLFY">     1</i>
   <i type="int" name="NKREDLFZ">     1</i>
   <i type="int" name="MAXMEM">  2800</i>
   <i type="int" name="TELESCOPE">     0</i>
   <i type="int" name="TAUPAR">     1</i>
   <i type="int" name="OMEGAPAR">    -1</i>
   <i name="LAMBDA">      1.00000000</i>
  </separator>
  <separator name="External order field" >
   <i name="OFIELD_KAPPA">      0.00000000</i>
   <v name="OFIELD_K">      0.00000000      0.00000000      0.00000000</v>
   <i name="OFIELD_Q6_NEAR">      0.00000000</i>
   <i name="OFIELD_Q6_FAR">      0.00000000</i>
   <i name="OFIELD_A">      0.00000000</i>
  </separator>
 </parameters>
 <atominfo>
  <atoms>       2 </atoms>
  <types>       1 </types>
  <array name="atoms" >
   <dimension dim="1">ion</dimension>
   <field type="string">element</field>
   <field type="int">atomtype</field>
   <set>
    <rc><c>Si</c><c>   1</c></rc>
    <rc><c>Si</c><c>   1</c></rc>
   </set>
  </array>
  <array name="atomtypes" >
   <dimension dim="1">type</dimension>
   <field type="int">atomspertype</field>
   <field type="string">element</field>
   <field>mass</field>
   <field>valence</field>
   <field type="string">pseudopotential</field>
   <set>
    <rc><c>   2</c><c>Si</c><c>     28.08500000</c><c>      4.00000000</c><c>  PAW Si_d_GW 07Feb2008                 </c></rc>
   </set>
  </array>
 </atominfo>
 <structure name="initialpos" >
  <crystal>
   <varray name="basis" >
    <v>       2.71500000       2.71500000       0.00000000 </v>
    <v>       0.00000000       2.71500000       2.71500000 </v>
    <v>       2.71500000       0.00000000       2.71500000 </v>
   </varray>
   <i name="volume">     40.02575175 </i>
   <varray name="rec_basis" >
    <v>       0.18416206       0.18416206      -0.18416206 </v>
    <v>      -0.18416206       0.18416206       0.18416206 </v>
    <v>       0.18416206      -0.18416206       0.18416206 </v>
   </varray>
  </crystal>
  <varray name="positions" >
   <v>       0.00000000       0.00000000       0.00000000 </v>
   <v>       0.25000000       0.25000000       0.25000000 </v>
  </varray>
 </structure>
 <calculation>
  <scstep>
   <time name="dav">    0.27    0.27</time>
   <time name="total">    0.29    0.29</time>
   <energy>
    <i name="alphaZ">      5.20853918 </i>
    <i name="ewald">   -228.56352493 </i>
    <i name="hartreedc">    -15.14015615 </i>
    <i name="XCdc">    -17.99871614 </i>
    <i name="pawpsdc">    271.59838381 </i>
    <i name="pawaedc">   -236.84152538 </i>
    <i name="eentropy">      0.00158594 </i>
    <i name="bandstr">      3.16631042 </i>
    <i name="atom">    206.82730522 </i>
    <i name="e_fr_energy">    -11.74179803 </i>
    <i name="e_wo_entrp">    -11.74338397 </i>
    <i name="e_0_energy">    -11.74232667 </i>
   </energy>
  </scstep>
  <scstep>
   <time name="dav">    0.14    0.14</time>
   <time name="total">    0.14    0.14</time>
   <energy>
    <i name="alphaZ">      5.20853918 </i>
    <i name="ewald">   -228.56352493 </i>
    <i name="hartreedc">    -15.14246445 </i>
    <i name="XCdc">    -17.99848984 </i>
    <i name="pawpsdc">    271.62191168 </i>
    <i name="pawaedc">   -236.86515687 </i>
    <i name="eentropy">      0.00159223 </i>
    <i name="bandstr">      3.16849003 </i>
    <i name="atom">    206.82730522 </i>
    <i name="e_fr_energy">    -11.74179777 </i>
    <i name="e_wo_entrp">    -11.74338999 </i>
    <i name="e_0_energy">    -11.74232851 </i>
   </energy>
  </scstep>
  <structure>
   <crystal>
    <varray name="basis" >
     <v>       2.71500000       2.71500000       0.00000000 </v>
     <v>       0.00000000       2.71500000       2.71500000 </v>
     <v>       2.71500000       0.00000000       2.71500000 </v>
    </varray>
    <i name="volume">     40.02575175 </i>
    <varray name="rec_basis" >
     <v>       0.18416206       0.18416206      -0.18416206 </v>
     <v>      -0.18416206       0.18416206       0.18416206 </v>
     <v>       0.18416206      -0.18416206       0.18416206 </v>
    </varray>
   </crystal>
   <varray name="positions" >
    <v>       0.00000000       0.00000000       0.00000000 </v>
    <v>       0.25000000       0.25000000       0.25000000 </v>
   </varray>
  </structure>
  <varray name="forces" >
   <v>      -0.00000000      -0.00000000      -0.00000000 </v>
   <v>       0.00000000       0.00000000       0.00000000 </v>
  </varray>
  <varray name="stress" >
   <v>     -14.00945055       0.00000000      -0.00000000 </v>
   <v>       0.00000000     -14.00945055       0.00000000 </v>
   <v>       0.00000000       0.00000000     -14.00945055 </v>
  </varray>
  <energy>
   <i name="e_fr_energy">    -11.74179777 </i>
   <i name="e_wo_entrp">    -11.74232851 </i>
   <i name="e_0_energy">      0.00159223 </i>
  </energy>
  <time name="totalsc">    5.68    5.69</time>
  <eigenvalues>
   <array>
    <dimension dim="1">band</dimension>
    <dimension dim="2">kpoint</dimension>
    <dimension dim="3">spin</dimension>
    <field>eigene</field>
    <field>occ</field>
    <set>
     <set comment="spin 1">
      <set comment="kpoint 1">
       <r>   -6.5261    1.0000 </r>
       <r>    5.4608    1.0179 </r>
       <r>    5.4608    1.0179 </r>
       <r>    5.4608    1.0179 </r>
       <r>    7.9687   -0.0000 </r>
       <r>    7.9687   -0.0000 </r>
       <r>    7.9687   -0.0000 </r>
       <r>    8.6639   -0.0000 </r>
       <r>   13.1033    0.0000 </r>
       <r>   13.2360    0.0000 </r>
       <r>   13.2360    0.0000 </r>
       <r>   16.5547    0.0000 </r>
       <r>   16.5547    0.0000 </r>
       <r>   16.5547    0.0000 </r>
       <r>   20.4934    0.0000 </r>
       <r>   28.5887    0.0000 </r>
       <r>   28.5888    0.0000 </r>
       <r>   28.5888    0.0000 </r>
       <r>   29.8300    0.0000 </r>
       <r>   29.8300    0.0000 </r>
       <r>   31.0215    0.0000 </r>
       <r>   31.0216    0.0000 </r>
       <r>   31.0216    0.0000 </r>
       <r>   34.8272    0.0000 </r>
       <r>   34.8272    0.0000 </r>
       <r>   34.8273    0.0000 </r>
       <r>   40.4269    0.0000 </r>
       <r>   40.4271    0.0000 </r>
       <r>   40.4271    0.0000 </r>
       <r>   43.6007    0.0000 </r>
       <r>   44.3013    0.0000 </r>
       <r>   44.3013    0.0000 </r>
       <r>   46.1528    0.0000 </r>
       <r>   46.1528    0.0000 </r>
       <r>   47.5274    0.0000 </r>
       <r>   47.5274    0.0000 </r>
       <r>   47.5274    0.0000 </r>
       <r>   49.4608    0.0000 </r>
       <r>   49.4608    0.0000 </r>
       <r>   49.4608    0.0000 </r>
       <r>   50.1266    0.0000 </r>
       <r>   50.4573    0.0000 </r>
       <r>   50.4573    0.0000 </r>
       <r>   50.4573    0.0000 </r>
       <r>   50.5951    0.0000 </r>
       <r>   50.5951    0.0000 </r>
       <r>   50.5952    0.0000 </r>
       <r>   51.8768    0.0000 </r>
       <r>   51.8768    0.0000 </r>
       <r>   51.8768    0.0000 </r>
       <r>   55.8305    0.0000 </r>
       <r>   56.9221    0.0000 </r>
       <r>   56.9221    0.0000 </r>
       <r>   56.9221    0.0000 </r>
       <r>   57.0868    0.0000 </r>
       <r>   57.0868    0.0000 </r>
       <r>   57.0868    0.0000 </r>
       <r>   62.2530    0.0000 </r>
       <r>   63.5427    0.0000 </r>
       <r>   72.1394    0.0000 </r>
       <r>   72.1394    0.0000 </r>
       <r>   75.2439    0.0000 </r>
       <r>   75.2440    0.0000 </r>
       <r>   75.2440    0.0000 </r>
      </set>
      <set comment="kpoint 2">
       <r>   -5.7240    1.0000 </r>
       <r>    1.5002    1.0000 </r>
       <r>    4.6941    1.0000 </r>
       <r>    4.6941    1.0000 </r>
       <r>    7.3778   -0.0000 </r>
       <r>    8.9133   -0.0000 </r>
       <r>    8.9133   -0.0000 </r>
       <r>   12.2206    0.0000 </r>
       <r>   12.6424    0.0000 </r>
       <r>   12.6424    0.0000 </r>
       <r>   14.2051    0.0000 </r>
       <r>   17.0827    0.0000 </r>
       <r>   20.0570    0.0000 </r>
       <r>   20.0570    0.0000 </r>
       <r>   23.2758    0.0000 </r>
       <r>   23.2759    0.0000 </r>
       <r>   23.3238    0.0000 </r>
       <r>   25.2572    0.0000 </r>
       <r>   29.5912    0.0000 </r>
       <r>   29.5916    0.0000 </r>
       <r>   31.9967    0.0000 </r>
       <r>   31.9967    0.0000 </r>
       <r>   33.3688    0.0000 </r>
       <r>   34.8464    0.0000 </r>
       <r>   35.5466    0.0000 </r>
       <r>   37.2911    0.0000 </r>
       <r>   37.2913    0.0000 </r>
       <r>   38.9215    0.0000 </r>
       <r>   38.9215    0.0000 </r>
       <r>   39.9171    0.0000 </r>
       <r>   39.9172    0.0000 </r>
       <r>   43.6905    0.0000 </r>
       <r>   43.7677    0.0000 </r>
       <r>   43.7677    0.0000 </r>
       <r>   44.1379    0.0000 </r>
       <r>   44.8799    0.0000 </r>
       <r>   46.6922    0.0000 </r>
       <r>   46.6923    0.0000 </r>
       <r>   48.9816    0.0000 </r>
       <r>   49.3817    0.0000 </r>
       <r>   49.3818    0.0000 </r>
       <r>   49.7934    0.0000 </r>
       <r>   50.1026    0.0000 </r>
       <r>   52.5235    0.0000 </r>
       <r>   52.5242    0.0000 </r>
       <r>   55.0024    0.0000 </r>
       <r>   55.0025    0.0000 </r>
       <r>   56.2910    0.0000 </r>
       <r>   56.4511    0.0000 </r>
       <r>   56.4512    0.0000 </r>
       <r>   58.2321    0.0000 </r>
       <r>   59.6974    0.0000 </r>
       <r>   62.6201    0.0000 </r>
       <r>   62.6205    0.0000 </r>
       <r>   63.0675    0.0000 </r>
       <r>   63.0675    0.0000 </r>
       <r>   63.3017    0.0000 </r>
       <r>   65.4463    0.0000 </r>
       <r>   65.4465    0.0000 </r>
       <r>   66.2485    0.0000 </r>
       <r>   67.3400    0.0000 </r>
       <r>   68.4105    0.0000 </r>
       <r>   68.4109    0.0000 </r>
       <r>   71.9118    0.0000 </r>
      </set>
      <set comment="kpoint 3">
       <r>   -4.1802    1.0000 </r>
       <r>   -1.5573    1.0000 </r>
       <r>    4.2563    1.0000 </r>
       <r>    4.2563    1.0000 </r>
       <r>    6.8763   -0.0000 </r>
       <r>    8.7419   -0.0000 </r>
       <r>    8.7419   -0.0000 </r>
       <r>   12.9408    0.0000 </r>
       <r>   16.0757    0.0000 </r>
       <r>   16.0757    0.0000 </r>
       <r>   16.6043    0.0000 </r>
       <r>   16.7356    0.0000 </r>
       <r>   16.7356    0.0000 </r>
       <r>   18.2433    0.0000 </r>
       <r>   24.7828    0.0000 </r>
       <r>   25.2915    0.0000 </r>
       <r>   27.0413    0.0000 </r>
       <r>   27.0415    0.0000 </r>
       <r>   27.3084    0.0000 </r>
       <r>   27.3086    0.0000 </r>
       <r>   30.9829    0.0000 </r>
       <r>   31.9561    0.0000 </r>
       <r>   31.9563    0.0000 </r>
       <r>   32.8475    0.0000 </r>
       <r>   32.8475    0.0000 </r>
       <r>   33.5391    0.0000 </r>
       <r>   36.6642    0.0000 </r>
       <r>   37.7264    0.0000 </r>
       <r>   37.7265    0.0000 </r>
       <r>   38.3413    0.0000 </r>
       <r>   38.3415    0.0000 </r>
       <r>   39.3160    0.0000 </r>
       <r>   41.8984    0.0000 </r>
       <r>   42.1277    0.0000 </r>
       <r>   46.2845    0.0000 </r>
       <r>   46.2846    0.0000 </r>
       <r>   48.1473    0.0000 </r>
       <r>   48.1473    0.0000 </r>
       <r>   48.3265    0.0000 </r>
       <r>   49.3768    0.0000 </r>
       <r>   52.3413    0.0000 </r>
       <r>   52.3422    0.0000 </r>
       <r>   54.0427    0.0000 </r>
       <r>   54.0432    0.0000 </r>
       <r>   54.8090    0.0000 </r>
       <r>   58.0869    0.0000 </r>
       <r>   58.2075    0.0000 </r>
       <r>   58.2077    0.0000 </r>
       <r>   59.5302    0.0000 </r>
       <r>   59.5302    0.0000 </r>
       <r>   59.5996    0.0000 </r>
       <r>   61.5039    0.0000 </r>
       <r>   61.5041    0.0000 </r>
       <r>   64.2908    0.0000 </r>
       <r>   64.2910    0.0000 </r>
       <r>   64.9213    0.0000 </r>
       <r>   65.3791    0.0000 </r>
       <r>   65.3797    0.0000 </r>
       <r>   67.0445    0.0000 </r>
       <r>   68.1256    0.0000 </r>
       <r>   68.1257    0.0000 </r>
       <r>   68.6760    0.0000 </r>
       <r>   69.7178    0.0000 </r>
       <r>   70.3484    0.0000 </r>
      </set>
      <set comment="kpoint 4">
       <r>   -5.4412    1.0000 </r>
       <r>    1.9255    1.0000 </r>
       <r>    3.5535    1.0000 </r>
       <r>    3.5535    1.0000 </r>
       <r>    6.4807   -0.0000 </r>
       <r>    8.4794   -0.0000 </r>
       <r>   11.1689    0.0000 </r>
       <r>   11.1689    0.0000 </r>
       <r>   13.4008    0.0000 </r>
       <r>   14.4465    0.0000 </r>
       <r>   16.6205    0.0000 </r>
       <r>   18.3818    0.0000 </r>
       <r>   18.3818    0.0000 </r>
       <r>   19.0345    0.0000 </r>
       <r>   22.7653    0.0000 </r>
       <r>   22.7653    0.0000 </r>
       <r>   23.9101    0.0000 </r>
       <r>   25.7240    0.0000 </r>
       <r>   26.2891    0.0000 </r>
       <r>   30.3451    0.0000 </r>
       <r>   31.8086    0.0000 </r>
       <r>   32.7553    0.0000 </r>
       <r>   32.7553    0.0000 </r>
       <r>   34.8590    0.0000 </r>
       <r>   34.8590    0.0000 </r>
       <r>   35.1612    0.0000 </r>
       <r>   35.7172    0.0000 </r>
       <r>   40.3259    0.0000 </r>
       <r>   40.6165    0.0000 </r>
       <r>   40.9812    0.0000 </r>
       <r>   40.9813    0.0000 </r>
       <r>   42.6333    0.0000 </r>
       <r>   42.8194    0.0000 </r>
       <r>   42.8195    0.0000 </r>
       <r>   46.2696    0.0000 </r>
       <r>   46.2696    0.0000 </r>
       <r>   46.3109    0.0000 </r>
       <r>   46.7546    0.0000 </r>
       <r>   46.8869    0.0000 </r>
       <r>   49.2823    0.0000 </r>
       <r>   49.2823    0.0000 </r>
       <r>   49.5617    0.0000 </r>
       <r>   51.8025    0.0000 </r>
       <r>   52.8520    0.0000 </r>
       <r>   52.8521    0.0000 </r>
       <r>   54.5080    0.0000 </r>
       <r>   54.5813    0.0000 </r>
       <r>   56.3620    0.0000 </r>
       <r>   56.5437    0.0000 </r>
       <r>   56.5438    0.0000 </r>
       <r>   57.3453    0.0000 </r>
       <r>   58.6409    0.0000 </r>
       <r>   61.6691    0.0000 </r>
       <r>   62.8710    0.0000 </r>
       <r>   62.8711    0.0000 </r>
       <r>   65.3587    0.0000 </r>
       <r>   67.9129    0.0000 </r>
       <r>   67.9130    0.0000 </r>
       <r>   68.3923    0.0000 </r>
       <r>   68.6394    0.0000 </r>
       <r>   68.7535    0.0000 </r>
       <r>   68.7536    0.0000 </r>
       <r>   69.2126    0.0000 </r>
       <r>   72.1178    0.0000 </r>
      </set>
      <set comment="kpoint 5">
       <r>   -3.7977    1.0000 </r>
       <r>   -0.9473    1.0000 </r>
       <r>    1.8796    1.0000 </r>
       <r>    3.2391    1.0000 </r>
       <r>    6.8666   -0.0000 </r>
       <r>    9.8161   -0.0000 </r>
       <r>   11.1177    0.0000 </r>
       <r>   11.3300    0.0000 </r>
       <r>   15.5364    0.0000 </r>
       <r>   16.0016    0.0000 </r>
       <r>   17.6392    0.0000 </r>
       <r>   18.0327    0.0000 </r>
       <r>   18.3019    0.0000 </r>
       <r>   22.1690    0.0000 </r>
       <r>   23.1972    0.0000 </r>
       <r>   24.0151    0.0000 </r>
       <r>   24.7557    0.0000 </r>
       <r>   24.9815    0.0000 </r>
       <r>   25.3230    0.0000 </r>
       <r>   28.2984    0.0000 </r>
       <r>   29.1990    0.0000 </r>
       <r>   30.5753    0.0000 </r>
       <r>   30.9490    0.0000 </r>
       <r>   33.1151    0.0000 </r>
       <r>   34.5648    0.0000 </r>
       <r>   34.7384    0.0000 </r>
       <r>   34.7976    0.0000 </r>
       <r>   36.5865    0.0000 </r>
       <r>   37.4685    0.0000 </r>
       <r>   39.7259    0.0000 </r>
       <r>   40.9188    0.0000 </r>
       <r>   41.5667    0.0000 </r>
       <r>   42.5854    0.0000 </r>
       <r>   42.8511    0.0000 </r>
       <r>   44.1274    0.0000 </r>
       <r>   46.3529    0.0000 </r>
       <r>   48.7188    0.0000 </r>
       <r>   49.5290    0.0000 </r>
       <r>   50.1482    0.0000 </r>
       <r>   50.6032    0.0000 </r>
       <r>   50.6665    0.0000 </r>
       <r>   51.5853    0.0000 </r>
       <r>   51.9952    0.0000 </r>
       <r>   53.9678    0.0000 </r>
       <r>   54.4867    0.0000 </r>
       <r>   56.0098    0.0000 </r>
       <r>   56.6149    0.0000 </r>
       <r>   57.3391    0.0000 </r>
       <r>   58.6856    0.0000 </r>
       <r>   60.5410    0.0000 </r>
       <r>   60.8422    0.0000 </r>
       <r>   61.3851    0.0000 </r>
       <r>   61.9673    0.0000 </r>
       <r>   63.9306    0.0000 </r>
       <r>   64.7041    0.0000 </r>
       <r>   66.1220    0.0000 </r>
       <r>   66.1664    0.0000 </r>
       <r>   66.8858    0.0000 </r>
       <r>   67.0503    0.0000 </r>
       <r>   68.4854    0.0000 </r>
       <r>   68.7984    0.0000 </r>
       <r>   69.1970    0.0000 </r>
       <r>   69.8335    0.0000 </r>
       <r>   71.6465    0.0000 </r>
      </set>
      <set comment="kpoint 6">
       <r>   -4.4747    1.0000 </r>
       <r>   -0.0406    1.0000 </r>
       <r>    1.6548    1.0000 </r>
       <r>    4.1231    1.0000 </r>
       <r>    7.8126   -0.0000 </r>
       <r>   10.1902   -0.0000 </r>
       <r>   10.5156   -0.0000 </r>
       <r>   11.4743    0.0000 </r>
       <r>   11.8878    0.0000 </r>
       <r>   14.9852    0.0000 </r>
       <r>   17.9411    0.0000 </r>
       <r>   18.6221    0.0000 </r>
       <r>   18.7494    0.0000 </r>
       <r>   21.9810    0.0000 </r>
       <r>   22.6089    0.0000 </r>
       <r>   22.7951    0.0000 </r>
       <r>   24.1399    0.0000 </r>
       <r>   26.7330    0.0000 </r>
       <r>   27.0881    0.0000 </r>
       <r>   29.3415    0.0000 </r>
       <r>   29.9970    0.0000 </r>
       <r>   30.7530    0.0000 </r>
       <r>   32.1847    0.0000 </r>
       <r>   32.4519    0.0000 </r>
       <r>   33.2443    0.0000 </r>
       <r>   34.7514    0.0000 </r>
       <r>   35.8042    0.0000 </r>
       <r>   36.5910    0.0000 </r>
       <r>   39.6369    0.0000 </r>
       <r>   39.7179    0.0000 </r>
       <r>   41.4621    0.0000 </r>
       <r>   42.6559    0.0000 </r>
       <r>   42.9077    0.0000 </r>
       <r>   43.3640    0.0000 </r>
       <r>   43.8743    0.0000 </r>
       <r>   44.0232    0.0000 </r>
       <r>   44.1567    0.0000 </r>
       <r>   47.8892    0.0000 </r>
       <r>   49.3826    0.0000 </r>
       <r>   50.7865    0.0000 </r>
       <r>   51.8431    0.0000 </r>
       <r>   51.9873    0.0000 </r>
       <r>   54.5136    0.0000 </r>
       <r>   54.5896    0.0000 </r>
       <r>   55.9277    0.0000 </r>
       <r>   56.0979    0.0000 </r>
       <r>   56.1000    0.0000 </r>
       <r>   57.4244    0.0000 </r>
       <r>   58.1874    0.0000 </r>
       <r>   59.4235    0.0000 </r>
       <r>   60.0975    0.0000 </r>
       <r>   61.4511    0.0000 </r>
       <r>   62.2210    0.0000 </r>
       <r>   62.5951    0.0000 </r>
       <r>   63.0516    0.0000 </r>
       <r>   63.5553    0.0000 </r>
       <r>   65.7608    0.0000 </r>
       <r>   66.4127    0.0000 </r>
       <r>   66.5583    0.0000 </r>
       <r>   66.8552    0.0000 </r>
       <r>   67.9671    0.0000 </r>
       <r>   69.9919    0.0000 </r>
       <r>   70.3943    0.0000 </r>
       <r>   71.3287    0.0000 </r>
      </set>
      <set comment="kpoint 7">
       <r>   -2.3727    1.0000 </r>
       <r>   -2.3727    1.0000 </r>
       <r>    2.5886    1.0000 </r>
       <r>    2.5886    1.0000 </r>
       <r>    6.0419   -0.0090 </r>
       <r>    6.0419   -0.0090 </r>
       <r>   15.4389    0.0000 </r>
       <r>   15.4389    0.0000 </r>
       <r>   16.4907    0.0000 </r>
       <r>   16.4907    0.0000 </r>
       <r>   18.0680    0.0000 </r>
       <r>   18.0680    0.0000 </r>
       <r>   18.2919    0.0000 </r>
       <r>   18.2920    0.0000 </r>
       <r>   24.2443    0.0000 </r>
       <r>   24.2444    0.0000 </r>
       <r>   25.0022    0.0000 </r>
       <r>   25.0022    0.0000 </r>
       <r>   25.6112    0.0000 </r>
       <r>   25.6112    0.0000 </r>
       <r>   26.7983    0.0000 </r>
       <r>   26.7984    0.0000 </r>
       <r>   31.0897    0.0000 </r>
       <r>   31.0899    0.0000 </r>
       <r>   34.9156    0.0000 </r>
       <r>   34.9157    0.0000 </r>
       <r>   39.5323    0.0000 </r>
       <r>   39.5323    0.0000 </r>
       <r>   39.6605    0.0000 </r>
       <r>   39.6606    0.0000 </r>
       <r>   41.3893    0.0000 </r>
       <r>   41.3893    0.0000 </r>
       <r>   43.7283    0.0000 </r>
       <r>   43.7283    0.0000 </r>
       <r>   45.0475    0.0000 </r>
       <r>   45.0476    0.0000 </r>
       <r>   46.0980    0.0000 </r>
       <r>   46.0981    0.0000 </r>
       <r>   47.2067    0.0000 </r>
       <r>   47.2068    0.0000 </r>
       <r>   50.4802    0.0000 </r>
       <r>   50.4802    0.0000 </r>
       <r>   54.7346    0.0000 </r>
       <r>   54.7346    0.0000 </r>
       <r>   56.1085    0.0000 </r>
       <r>   56.1085    0.0000 </r>
       <r>   59.2390    0.0000 </r>
       <r>   59.2395    0.0000 </r>
       <r>   61.9414    0.0000 </r>
       <r>   61.9414    0.0000 </r>
       <r>   62.6999    0.0000 </r>
       <r>   62.7000    0.0000 </r>
       <r>   62.9799    0.0000 </r>
       <r>   62.9800    0.0000 </r>
       <r>   63.3190    0.0000 </r>
       <r>   63.3190    0.0000 </r>
       <r>   65.5785    0.0000 </r>
       <r>   65.5786    0.0000 </r>
       <r>   66.6937    0.0000 </r>
       <r>   66.6937    0.0000 </r>
       <r>   67.0060    0.0000 </r>
       <r>   67.0061    0.0000 </r>
       <r>   69.7606    0.0000 </r>
       <r>   69.7615    0.0000 </r>
      </set>
      <set comment="kpoint 8">
       <r>   -2.2049    1.0000 </r>
       <r>   -2.2049    1.0000 </r>
       <r>    1.5538    1.0000 </r>
       <r>    1.5538    1.0000 </r>
       <r>    9.6372   -0.0000 </r>
       <r>    9.6372   -0.0000 </r>
       <r>   10.3782   -0.0000 </r>
       <r>   10.3783   -0.0000 </r>
       <r>   15.9823    0.0000 </r>
       <r>   15.9823    0.0000 </r>
       <r>   18.4274    0.0000 </r>
       <r>   18.4275    0.0000 </r>
       <r>   21.7759    0.0000 </r>
       <r>   21.7759    0.0000 </r>
       <r>   23.8589    0.0000 </r>
       <r>   23.8589    0.0000 </r>
       <r>   24.3386    0.0000 </r>
       <r>   24.3387    0.0000 </r>
       <r>   25.3307    0.0000 </r>
       <r>   25.3308    0.0000 </r>
       <r>   29.0205    0.0000 </r>
       <r>   29.0206    0.0000 </r>
       <r>   32.8423    0.0000 </r>
       <r>   32.8424    0.0000 </r>
       <r>   33.0017    0.0000 </r>
       <r>   33.0017    0.0000 </r>
       <r>   34.8108    0.0000 </r>
       <r>   34.8109    0.0000 </r>
       <r>   38.1941    0.0000 </r>
       <r>   38.1944    0.0000 </r>
       <r>   42.1736    0.0000 </r>
       <r>   42.1736    0.0000 </r>
       <r>   43.3792    0.0000 </r>
       <r>   43.3793    0.0000 </r>
       <r>   45.7211    0.0000 </r>
       <r>   45.7213    0.0000 </r>
       <r>   48.7193    0.0000 </r>
       <r>   48.7196    0.0000 </r>
       <r>   49.9719    0.0000 </r>
       <r>   49.9720    0.0000 </r>
       <r>   52.8661    0.0000 </r>
       <r>   52.8661    0.0000 </r>
       <r>   54.0827    0.0000 </r>
       <r>   54.0827    0.0000 </r>
       <r>   54.2261    0.0000 </r>
       <r>   54.2261    0.0000 </r>
       <r>   57.1965    0.0000 </r>
       <r>   57.1970    0.0000 </r>
       <r>   60.9638    0.0000 </r>
       <r>   60.9640    0.0000 </r>
       <r>   61.5002    0.0000 </r>
       <r>   61.5002    0.0000 </r>
       <r>   62.4006    0.0000 </r>
       <r>   62.4009    0.0000 </r>
       <r>   65.0158    0.0000 </r>
       <r>   65.0164    0.0000 </r>
       <r>   65.3783    0.0000 </r>
       <r>   65.3791    0.0000 </r>
       <r>   67.5243    0.0000 </r>
       <r>   67.5248    0.0000 </r>
       <r>   68.4029    0.0000 </r>
       <r>   68.4029    0.0000 </r>
       <r>   70.3208    0.0000 </r>
       <r>   70.3210    0.0000 </r>
      </set>
     </set>
    </set>
   </array>
  </eigenvalues>
  <separator name="orbital magnetization" >
   <v name="MAGDIPOLOUT">      0.00000000      0.00000000      0.00000000</v>
  </separator>
  <dos>
   <i name="efermi">      5.64904596 </i>
   <total>
    <array>
     <dimension dim="1">gridpoints</dimension>
     <dimension dim="2">spin</dimension>
     <field>energy</field>
     <field>total</field>
     <field>integrated</field>
     <set>
      <set comment="spin 1">
       <r>   -10.6146     0.0000     0.0000 </r>
       <r>   -10.3148     0.0000     0.0000 </r>
       <r>   -10.0150     0.0000     0.0000 </r>
       <r>    -9.7151     0.0000     0.0000 </r>
       <r>    -9.4153     0.0000     0.0000 </r>
       <r>    -9.1155     0.0000     0.0000 </r>
       <r>    -8.8157     0.0000     0.0000 </r>
       <r>    -8.5158     0.0000     0.0000 </r>
       <r>    -8.2160    -0.0000    -0.0000 </r>
       <r>    -7.9162    -0.0000    -0.0000 </r>
       <r>    -7.6164    -0.0000    -0.0000 </r>
       <r>    -7.3165    -0.0000    -0.0000 </r>
       <r>    -7.0167    -0.0001    -0.0000 </r>
       <r>    -6.7169    -0.0019    -0.0006 </r>
       <r>    -6.4171     0.0952     0.0279 </r>
       <r>    -6.1172     0.0044     0.0292 </r>
       <r>    -5.8174     0.1234     0.0662 </r>
       <r>    -5.5176     0.8666     0.3260 </r>
       <r>    -5.2178     0.4977     0.4753 </r>
       <r>    -4.9180    -0.0260     0.4675 </r>
       <r>    -4.6181     0.0454     0.4811 </r>
       <r>    -4.3183     1.2075     0.8431 </r>
       <r>    -4.0185     0.3373     0.9443 </r>
       <r>    -3.7187     2.1024     1.5746 </r>
       <r>    -3.4188     0.5084     1.7271 </r>
       <r>    -3.1190    -0.0277     1.7188 </r>
       <r>    -2.8192    -0.0023     1.7181 </r>
       <r>    -2.5194    -0.0100     1.7151 </r>
       <r>    -2.2195     1.1736     2.0670 </r>
       <r>    -1.9197     0.7494     2.2916 </r>
       <r>    -1.6199     0.0693     2.3124 </r>
       <r>    -1.3201     0.2974     2.4016 </r>
       <r>    -1.0202     0.5484     2.5660 </r>
       <r>    -0.7204     2.0538     3.1818 </r>
       <r>    -0.4206    -0.0972     3.1526 </r>
       <r>    -0.1208     0.2484     3.2271 </r>
       <r>     0.1790     1.0551     3.5435 </r>
       <r>     0.4789    -0.0398     3.5315 </r>
       <r>     0.7787    -0.0009     3.5312 </r>
       <r>     1.0785    -0.0073     3.5291 </r>
       <r>     1.3783     0.0179     3.5344 </r>
       <r>     1.6782     2.6551     4.3305 </r>
       <r>     1.9780     3.3177     5.3252 </r>
       <r>     2.2778     0.4936     5.4732 </r>
       <r>     2.5776     0.2689     5.5538 </r>
       <r>     2.8775     0.3251     5.6513 </r>
       <r>     3.1773     0.6318     5.8407 </r>
       <r>     3.4771     2.2262     6.5082 </r>
       <r>     3.7769     0.9307     6.7872 </r>
       <r>     4.0768     0.3588     6.8948 </r>
       <r>     4.3766     1.6443     7.3878 </r>
       <r>     4.6764     0.7759     7.6204 </r>
       <r>     4.9762     1.0051     7.9218 </r>
       <r>     5.2761    -0.0564     7.9049 </r>
       <r>     5.5759     0.2872     7.9910 </r>
       <r>     5.8757     0.0335     8.0010 </r>
       <r>     6.1755     0.5730     8.1728 </r>
       <r>     6.4753     0.3239     8.2700 </r>
       <r>     6.7752     0.8071     8.5119 </r>
       <r>     7.0750     2.5218     9.2680 </r>
       <r>     7.3748     0.3438     9.3711 </r>
       <r>     7.6746     0.4992     9.5208 </r>
       <r>     7.9745     1.3353     9.9211 </r>
       <r>     8.2743     0.1501     9.9661 </r>
       <r>     8.5741     0.5295    10.1249 </r>
       <r>     8.8739     1.5675    10.5949 </r>
       <r>     9.1738     1.2012    10.9550 </r>
       <r>     9.4736    -0.0962    10.9262 </r>
       <r>     9.7734     2.0321    11.5354 </r>
       <r>    10.0732     1.9213    12.1115 </r>
       <r>    10.3731     1.7477    12.6355 </r>
       <r>    10.6729     1.8515    13.1906 </r>
       <r>    10.9727     0.0049    13.1921 </r>
       <r>    11.2725     4.1811    14.4457 </r>
       <r>    11.5723     3.2142    15.4094 </r>
       <r>    11.8722     0.6338    15.5994 </r>
       <r>    12.1720     0.9967    15.8983 </r>
       <r>    12.4718     0.5724    16.0699 </r>
       <r>    12.7716     1.5395    16.5315 </r>
       <r>    13.0715     0.5306    16.6906 </r>
       <r>    13.3713     0.5334    16.8505 </r>
       <r>    13.6711     0.4157    16.9752 </r>
       <r>    13.9709    -0.0516    16.9597 </r>
       <r>    14.2708     0.6608    17.1578 </r>
       <r>    14.5706     0.7876    17.3939 </r>
       <r>    14.8704     0.1592    17.4417 </r>
       <r>    15.1702     1.0977    17.7708 </r>
       <r>    15.4701     1.0177    18.0759 </r>
       <r>    15.7699     2.0973    18.7047 </r>
       <r>    16.0697     3.4094    19.7270 </r>
       <r>    16.3695     1.2878    20.1131 </r>
       <r>    16.6693     1.7970    20.6519 </r>
       <r>    16.9692     1.0802    20.9758 </r>
       <r>    17.2690     0.6891    21.1823 </r>
       <r>    17.5688     0.5506    21.3474 </r>
       <r>    17.8686     2.2984    22.0365 </r>
       <r>    18.1685     4.0674    23.2560 </r>
       <r>    18.4683     5.4128    24.8789 </r>
       <r>    18.7681     2.5711    25.6498 </r>
       <r>    19.0679     0.9763    25.9425 </r>
       <r>    19.3678     0.2044    26.0038 </r>
       <r>    19.6676    -0.0283    25.9953 </r>
       <r>    19.9674     0.2822    26.0799 </r>
       <r>    20.2672     1.4471    26.5138 </r>
       <r>    20.5671     0.0379    26.5251 </r>
       <r>    20.8669     0.0217    26.5316 </r>
       <r>    21.1667    -0.0013    26.5312 </r>
       <r>    21.4665    -0.0329    26.5214 </r>
       <r>    21.7663     0.5497    26.6862 </r>
       <r>    22.0662     2.1105    27.3189 </r>
       <r>    22.3660     2.3868    28.0346 </r>
       <r>    22.6658     1.1439    28.3775 </r>
       <r>    22.9656     2.5093    29.1299 </r>
       <r>    23.2655     3.0021    30.0300 </r>
       <r>    23.5653     2.1448    30.6730 </r>
       <r>    23.8651     0.8092    30.9157 </r>
       <r>    24.1649     4.3760    32.2277 </r>
       <r>    24.4648     2.1500    32.8723 </r>
       <r>    24.7646     1.5375    33.3333 </r>
       <r>    25.0644     3.9290    34.5113 </r>
       <r>    25.3642     4.2420    35.7832 </r>
       <r>    25.6641     2.1437    36.4259 </r>
       <r>    25.9639     0.5783    36.5993 </r>
       <r>    26.2637     0.2248    36.6667 </r>
       <r>    26.5635     0.3768    36.7797 </r>
       <r>    26.8634     1.6054    37.2610 </r>
       <r>    27.1632     2.0802    37.8847 </r>
       <r>    27.4630     1.1190    38.2202 </r>
       <r>    27.7628    -0.0036    38.2191 </r>
       <r>    28.0626    -0.0893    38.1924 </r>
       <r>    28.3625     1.9691    38.7827 </r>
       <r>    28.6623     0.8816    39.0471 </r>
       <r>    28.9621     0.2838    39.1322 </r>
       <r>    29.2619     3.1483    40.0761 </r>
       <r>    29.5618     2.3132    40.7697 </r>
       <r>    29.8616     1.2244    41.1368 </r>
       <r>    30.1614     1.1853    41.4922 </r>
       <r>    30.4612     0.7927    41.7298 </r>
       <r>    30.7611     2.9905    42.6264 </r>
       <r>    31.0609     3.6901    43.7328 </r>
       <r>    31.3607     0.8325    43.9824 </r>
       <r>    31.6605    -0.0858    43.9567 </r>
       <r>    31.9604     1.6221    44.4431 </r>
       <r>    32.2602     2.5943    45.2209 </r>
       <r>    32.5600     1.2332    45.5906 </r>
       <r>    32.8598     2.4538    46.3264 </r>
       <r>    33.1596     4.2949    47.6141 </r>
       <r>    33.4595     2.6781    48.4170 </r>
       <r>    33.7593     0.4034    48.5380 </r>
       <r>    34.0591    -0.0247    48.5306 </r>
       <r>    34.3589    -0.1241    48.4934 </r>
       <r>    34.6588     2.9893    49.3896 </r>
       <r>    34.9586     9.7670    52.3180 </r>
       <r>    35.2584     0.9527    52.6037 </r>
       <r>    35.5582     0.4972    52.7527 </r>
       <r>    35.8581     1.9292    53.3311 </r>
       <r>    36.1579     0.3586    53.4386 </r>
       <r>    36.4577     0.2032    53.4996 </r>
       <r>    36.7575     3.9038    54.6700 </r>
       <r>    37.0574    -0.0045    54.6687 </r>
       <r>    37.3572     1.5759    55.1412 </r>
       <r>    37.6570     2.9103    56.0137 </r>
       <r>    37.9568     0.5596    56.1815 </r>
       <r>    38.2566     1.1044    56.5126 </r>
       <r>    38.5565     1.0212    56.8188 </r>
       <r>    38.8563     0.3780    56.9322 </r>
       <r>    39.1561     1.3202    57.3280 </r>
       <r>    39.4559     0.3118    57.4215 </r>
       <r>    39.7558     4.7826    58.8554 </r>
       <r>    40.0556     3.1850    59.8103 </r>
       <r>    40.3554     0.4497    59.9452 </r>
       <r>    40.6552     0.8196    60.1909 </r>
       <r>    40.9551     2.4249    60.9180 </r>
       <r>    41.2549     1.6516    61.4132 </r>
       <r>    41.5547     2.7786    62.2463 </r>
       <r>    41.8545     1.7546    62.7723 </r>
       <r>    42.1544     1.0179    63.0775 </r>
       <r>    42.4542     0.9970    63.3764 </r>
       <r>    42.7540     4.7179    64.7910 </r>
       <r>    43.0538     4.5867    66.1662 </r>
       <r>    43.3537     0.9975    66.4653 </r>
       <r>    43.6535     2.1328    67.1047 </r>
       <r>    43.9533     3.8717    68.2655 </r>
       <r>    44.2531     5.4886    69.9111 </r>
       <r>    44.5529     0.5230    70.0679 </r>
       <r>    44.8528     0.2901    70.1549 </r>
       <r>    45.1526     1.1054    70.4864 </r>
       <r>    45.4524     0.0082    70.4888 </r>
       <r>    45.7522     0.8105    70.7318 </r>
       <r>    46.0521     0.5648    70.9012 </r>
       <r>    46.3519     4.0594    72.1183 </r>
       <r>    46.6517     2.6127    72.9016 </r>
       <r>    46.9515     2.1039    73.5324 </r>
       <r>    47.2514     0.5273    73.6905 </r>
       <r>    47.5512     0.3730    73.8024 </r>
       <r>    47.8510     0.5475    73.9665 </r>
       <r>    48.1508     1.3097    74.3592 </r>
       <r>    48.4507     0.6486    74.5537 </r>
       <r>    48.7505     2.4754    75.2959 </r>
       <r>    49.0503     2.0122    75.8992 </r>
       <r>    49.3501     2.4210    76.6251 </r>
       <r>    49.6499     5.6678    78.3244 </r>
       <r>    49.9498     1.4744    78.7665 </r>
       <r>    50.2496     3.8234    79.9128 </r>
       <r>    50.5494     2.1411    80.5548 </r>
       <r>    50.8492     5.5923    82.2315 </r>
       <r>    51.1491     0.1780    82.2849 </r>
       <r>    51.4489     0.0805    82.3090 </r>
       <r>    51.7487     2.6394    83.1004 </r>
       <r>    52.0485     4.7217    84.5161 </r>
       <r>    52.3484     1.4740    84.9580 </r>
       <r>    52.6482     1.8467    85.5117 </r>
       <r>    52.9480     2.2738    86.1934 </r>
       <r>    53.2478     0.4212    86.3197 </r>
       <r>    53.5477    -0.0399    86.3077 </r>
       <r>    53.8475     0.1378    86.3490 </r>
       <r>    54.1473     4.2528    87.6241 </r>
       <r>    54.4471     2.8766    88.4866 </r>
       <r>    54.7469     5.3651    90.0952 </r>
       <r>    55.0468     1.6914    90.6023 </r>
       <r>    55.3466     0.5219    90.7588 </r>
       <r>    55.6464    -0.1142    90.7246 </r>
       <r>    55.9462     1.5504    91.1894 </r>
       <r>    56.2461     5.7423    92.9111 </r>
       <r>    56.5459     3.9113    94.0838 </r>
       <r>    56.8457     2.9070    94.9554 </r>
       <r>    57.1455     0.6460    95.1491 </r>
       <r>    57.4454     4.6135    96.5323 </r>
       <r>    57.7452     0.8668    96.7922 </r>
       <r>    58.0450     0.1362    96.8330 </r>
       <r>    58.3448     2.9784    97.7260 </r>
       <r>    58.6447     1.3465    98.1297 </r>
       <r>    58.9445     2.0480    98.7437 </r>
       <r>    59.2443     0.1955    98.8024 </r>
       <r>    59.5441     2.1115    99.4355 </r>
       <r>    59.8440     1.5442    99.8984 </r>
       <r>    60.1438     0.8713   100.1597 </r>
       <r>    60.4436     0.7483   100.3841 </r>
       <r>    60.7434     2.5171   101.1387 </r>
       <r>    61.0432     3.1608   102.0864 </r>
       <r>    61.3431     1.2130   102.4501 </r>
       <r>    61.6429     5.0609   103.9675 </r>
       <r>    61.9427     1.7149   104.4817 </r>
       <r>    62.2425     2.6929   105.2891 </r>
       <r>    62.5424     2.3921   106.0063 </r>
       <r>    62.8422     3.3847   107.0211 </r>
       <r>    63.1420     3.7993   108.1602 </r>
       <r>    63.4418     2.0495   108.7747 </r>
       <r>    63.7417     1.2561   109.1513 </r>
       <r>    64.0415     2.2363   109.8218 </r>
       <r>    64.3413     0.8521   110.0773 </r>
       <r>    64.6411     0.8682   110.3376 </r>
       <r>    64.9410     2.4705   111.0783 </r>
       <r>    65.2408     1.2308   111.4474 </r>
       <r>    65.5406     4.1620   112.6952 </r>
       <r>    65.8404     1.6195   113.1808 </r>
       <r>    66.1402     2.8100   114.0233 </r>
       <r>    66.4401     4.3544   115.3289 </r>
       <r>    66.7399     2.0784   115.9520 </r>
       <r>    67.0397     5.5093   117.6038 </r>
       <r>    67.3395     2.3471   118.3075 </r>
       <r>    67.6394     1.4195   118.7331 </r>
       <r>    67.9392     1.3872   119.1491 </r>
       <r>    68.2390     2.0129   119.7526 </r>
       <r>    68.5388     5.2304   121.3208 </r>
       <r>    68.8387     4.6775   122.7232 </r>
       <r>    69.1385     1.8786   123.2864 </r>
       <r>    69.4383     2.3363   123.9869 </r>
       <r>    69.7381     0.7507   124.2120 </r>
       <r>    70.0380     3.6242   125.2986 </r>
       <r>    70.3378     1.6265   125.7863 </r>
       <r>    70.6376     1.7376   126.3072 </r>
       <r>    70.9374    -0.0975   126.2780 </r>
       <r>    71.2372     0.1865   126.3339 </r>
       <r>    71.5371     1.3643   126.7430 </r>
       <r>    71.8369     2.4087   127.4652 </r>
       <r>    72.1367     1.1333   127.8050 </r>
       <r>    72.4365     0.3589   127.9126 </r>
       <r>    72.7364    -0.0210   127.9063 </r>
       <r>    73.0362    -0.0001   127.9063 </r>
       <r>    73.3360    -0.0000   127.9062 </r>
       <r>    73.6358    -0.0000   127.9062 </r>
       <r>    73.9357    -0.0000   127.9062 </r>
       <r>    74.2355    -0.0000   127.9062 </r>
       <r>    74.5353    -0.0000   127.9062 </r>
       <r>    74.8351    -0.0022   127.9056 </r>
       <r>    75.1350     0.0354   127.9162 </r>
       <r>    75.4348     0.2856   128.0018 </r>
       <r>    75.7346    -0.0057   128.0001 </r>
       <r>    76.0344    -0.0004   128.0000 </r>
       <r>    76.3343    -0.0000   128.0000 </r>
       <r>    76.6341    -0.0000   128.0000 </r>
       <r>    76.9339     0.0000   128.0000 </r>
       <r>    77.2337     0.0000   128.0000 </r>
       <r>    77.5335     0.0000   128.0000 </r>
       <r>    77.8334     0.0000   128.0000 </r>
       <r>    78.1332     0.0000   128.0000 </r>
       <r>    78.4330     0.0000   128.0000 </r>
       <r>    78.7328     0.0000   128.0000 </r>
       <r>    79.0327     0.0000   128.0000 </r>
       <r>    79.3325     0.0000   128.0000 </r>
      </set>
     </set>
    </array>
   </total>
  </dos>
 </calculation>
 <structure name="finalpos" >
  <crystal>
   <varray name="basis" >
    <v>       2.71500000       2.71500000       0.00000000 </v>
    <v>       0.00000000       2.71500000       2.71500000 </v>
    <v>       2.71500000       0.00000000       2.71500000 </v>
   </varray>
   <i name="volume">     40.02575175 </i>
   <varray name="rec_basis" >
    <v>       0.18416206       0.18416206      -0.18416206 </v>
    <v>      -0.18416206       0.18416206       0.18416206 </v>
    <v>       0.18416206      -0.18416206       0.18416206 </v>
   </varray>
  </crystal>
  <varray name="positions" >
   <v>       0.00000000       0.00000000       0.00000000 </v>
   <v>       0.25000000       0.25000000       0.25000000 </v>
  </varray>
 </structure>
</modeling>
