<?xml version="1.0" encoding="ISO-8859-1"?>
<modeling>
 <generator>
  <i name="program" type="string">vasp </i>
  <i name="version" type="string">6.1.0  </i>
  <i name="subversion" type="string">28Jan20 (build Mar 13 2021 07:45:23) complex                          parallel </i>
  <i name="platform" type="string">LinuxIFC </i>
  <i name="date" type="string">2021 03 14 </i>
  <i name="time" type="string">03:02:20 </i>
 </generator>
 <incar>
  <i name="SIGMA">      0.05000000</i>
  <i type="string" name="GGA"> PE</i>
 </incar>
 <structure name="primitive_cell" >
  <crystal>
   <varray name="basis" >
    <v>       2.71500000       2.71500000       0.00000000 </v>
    <v>       0.00000000       2.71500000       2.71500000 </v>
    <v>       2.71500000       0.00000000       2.71500000 </v>
   </varray>
   <i name="volume">     40.02575175 </i>
   <varray name="rec_basis" >
    <v>       0.18416206       0.18416206      -0.18416206 </v>
    <v>      -0.18416206       0.18416206       0.18416206 </v>
    <v>       0.18416206      -0.18416206       0.18416206 </v>
   </varray>
  </crystal>
  <varray name="positions" >
   <v>       0.00000000       0.00000000       0.00000000 </v>
   <v>       0.25000000       0.25000000       0.25000000 </v>
  </varray>
 </structure>
 <varray name="primitive_index" >
  <v type="int" >        1 </v>
  <v type="int" >        2 </v>
 </varray>
 <kpoints>
  <generation param="Gamma">
   <v type="int" name="divisions">       4        4        4 </v>
   <v name="usershift">      0.00000000       0.00000000       0.00000000 </v>
   <v name="genvec1">      0.25000000      -0.00000000      -0.00000000 </v>
   <v name="genvec2">     -0.00000000       0.25000000       0.00000000 </v>
   <v name="genvec3">      0.00000000       0.00000000       0.25000000 </v>
   <v name="shift">      0.00000000       0.00000000       0.00000000 </v>
  </generation>
  <varray name="kpointlist" >
   <v>       0.00000000       0.00000000       0.00000000 </v>
   <v>       0.25000000       0.00000000       0.00000000 </v>
   <v>       0.50000000       0.00000000       0.00000000 </v>
   <v>       0.25000000       0.25000000       0.00000000 </v>
   <v>       0.50000000       0.25000000       0.00000000 </v>
   <v>      -0.25000000       0.25000000      -0.00000000 </v>
   <v>       0.50000000       0.50000000       0.00000000 </v>
   <v>      -0.25000000       0.50000000       0.25000000 </v>
  </varray>
  <varray name="weights" >
   <v>       0.01562500 </v>
   <v>       0.12500000 </v>
   <v>       0.06250000 </v>
   <v>       0.09375000 </v>
   <v>       0.37500000 </v>
   <v>       0.18750000 </v>
   <v>       0.04687500 </v>
   <v>       0.09375000 </v>
  </varray>
 </kpoints>
 <parameters>
  <separator name="general" >
   <i type="string" name="SYSTEM">unknown system</i>
   <i type="logical" name="LCOMPAT"> F  </i>
  </separator>
  <separator name="electronic" >
   <i type="string" name="PREC">normal</i>
   <i name="ENMAX">    245.70400000</i>
   <i name="ENAUG">    412.95200000</i>
   <i name="EDIFF">      0.00010000</i>
   <i type="int" name="IALGO">    38</i>
   <i type="int" name="IWAVPR">    10</i>
   <i type="int" name="NBANDS">    10</i>
   <i type="int" name="NBANDSLOW">    -1</i>
   <i type="int" name="NBANDSHIGH">    -1</i>
   <i name="NELECT">      8.00000000</i>
   <i type="int" name="TURBO">     0</i>
   <i type="int" name="IRESTART">     0</i>
   <i type="int" name="NREBOOT">     0</i>
   <i type="int" name="NMIN">     0</i>
   <i name="EREF">      0.00000000</i>
   <separator name="electronic smearing" >
    <i type="int" name="ISMEAR">     1</i>
    <i name="SIGMA">      0.05000000</i>
    <i name="KSPACING">      0.50000000</i>
    <i type="logical" name="KGAMMA"> T  </i>
    <i type="logical" name="KBLOWUP"> T  </i>
   </separator>
   <separator name="electronic projectors" >
    <i type="logical" name="LREAL"> F  </i>
    <v name="ROPT">      0.00000000</v>
    <i type="int" name="LMAXPAW">  -100</i>
    <i type="int" name="LMAXMIX">     2</i>
    <i type="logical" name="NLSPLINE"> F  </i>
   </separator>
   <separator name="electronic startup" >
    <i type="int" name="ISTART">     0</i>
    <i type="int" name="ICHARG">     2</i>
    <i type="int" name="INIWAV">     1</i>
   </separator>
   <separator name="electronic spin" >
    <i type="int" name="ISPIN">     1</i>
    <i type="logical" name="LNONCOLLINEAR"> F  </i>
    <v name="MAGMOM">      1.00000000      1.00000000</v>
    <i name="NUPDOWN">     -1.00000000</i>
    <i type="logical" name="LSORBIT"> F  </i>
    <v name="SAXIS">      0.00000000      0.00000000      1.00000000</v>
    <i type="logical" name="LSPIRAL"> F  </i>
    <v name="QSPIRAL">      0.00000000      0.00000000      0.00000000</v>
    <i type="logical" name="LZEROZ"> F  </i>
   </separator>
   <separator name="electronic exchange-correlation" >
    <i type="logical" name="LASPH"> F  </i>
    <i type="logical" name="LMETAGGA"> F  </i>
   </separator>
   <separator name="electronic convergence" >
    <i type="int" name="NELM">    60</i>
    <i type="int" name="NELMDL">    -5</i>
    <i type="int" name="NELMIN">     2</i>
    <i name="ENINI">    245.70400000</i>
    <separator name="electronic convergence detail" >
     <i type="logical" name="LDIAG"> T  </i>
     <i type="logical" name="LSUBROT"> F  </i>
     <i name="WEIMIN">      0.00000000</i>
     <i name="EBREAK">      0.00000250</i>
     <i name="DEPER">      0.30000000</i>
     <i type="int" name="NRMM">     4</i>
     <i name="TIME">      0.40000000</i>
    </separator>
   </separator>
   <separator name="electronic mixer" >
    <i name="AMIX">      0.40000000</i>
    <i name="BMIX">      1.00000000</i>
    <i name="AMIN">      0.10000000</i>
    <i name="AMIX_MAG">      1.60000000</i>
    <i name="BMIX_MAG">      1.00000000</i>
    <separator name="electronic mixer details" >
     <i type="int" name="IMIX">     4</i>
     <i type="logical" name="MIXFIRST"> F  </i>
     <i type="int" name="MAXMIX">   -45</i>
     <i name="WC">    100.00000000</i>
     <i type="int" name="INIMIX">     1</i>
     <i type="int" name="MIXPRE">     1</i>
     <i type="int" name="MREMOVE">     5</i>
    </separator>
   </separator>
   <separator name="electronic dipolcorrection" >
    <i type="logical" name="LDIPOL"> F  </i>
    <i type="logical" name="LMONO"> F  </i>
    <i type="int" name="IDIPOL">     0</i>
    <i name="EPSILON">      1.00000000</i>
    <v name="DIPOL">   -100.00000000   -100.00000000   -100.00000000</v>
    <i name="EFIELD">      0.00000000</i>
   </separator>
  </separator>
  <separator name="grids" >
   <i type="int" name="NGX">    16</i>
   <i type="int" name="NGY">    16</i>
   <i type="int" name="NGZ">    16</i>
   <i type="int" name="NGXF">    32</i>
   <i type="int" name="NGYF">    32</i>
   <i type="int" name="NGZF">    32</i>
   <i type="logical" name="ADDGRID"> F  </i>
  </separator>
  <separator name="ionic" >
   <i type="int" name="NSW">     0</i>
   <i type="int" name="IBRION">    -1</i>
   <i type="int" name="MDALGO">     0</i>
   <i type="int" name="ISIF">     2</i>
   <i name="PSTRESS">      0.00000000</i>
   <i name="EDIFFG">      0.00100000</i>
   <i type="int" name="NFREE">     0</i>
   <i name="POTIM">      0.50000000</i>
   <i name="SMASS">     -3.00000000</i>
   <i name="SCALEE">      1.00000000</i>
  </separator>
  <separator name="ionic md" >
   <i name="TEBEG">      0.00010000</i>
   <i name="TEEND">      0.00010000</i>
   <i type="int" name="NBLOCK">     1</i>
   <i type="int" name="KBLOCK">     1</i>
   <i type="int" name="NPACO">   256</i>
   <i name="APACO">     16.00000000</i>
  </separator>
  <separator name="symmetry" >
   <i type="int" name="ISYM">     2</i>
   <i name="SYMPREC">      0.00001000</i>
  </separator>
  <separator name="dos" >
   <i type="int" name="LORBIT">     0</i>
   <v name="RWIGS">     -1.00000000</v>
   <i type="int" name="NEDOS">   301</i>
   <i name="EMIN">     10.00000000</i>
   <i name="EMAX">    -10.00000000</i>
   <i name="EFERMI">      0.00000000</i>
  </separator>
  <separator name="writing" >
   <i type="int" name="NWRITE">     2</i>
   <i type="logical" name="LWAVE"> T  </i>
   <i type="logical" name="LDOWNSAMPLE"> F  </i>
   <i type="logical" name="LCHARG"> T  </i>
   <i type="logical" name="LPARD"> F  </i>
   <i type="logical" name="LVTOT"> F  </i>
   <i type="logical" name="LVHAR"> F  </i>
   <i type="logical" name="LELF"> F  </i>
   <i type="logical" name="LOPTICS"> F  </i>
   <v name="STM">      0.00000000      0.00000000      0.00000000      0.00000000      0.00000000      0.00000000      0.00000000</v>
  </separator>
  <separator name="performance" >
   <i type="int" name="NPAR">    10</i>
   <i type="int" name="NSIM">     4</i>
   <i type="int" name="NBLK">    -1</i>
   <i type="logical" name="LPLANE"> T  </i>
   <i type="logical" name="LSCALAPACK"> T  </i>
   <i type="logical" name="LSCAAWARE"> F  </i>
   <i type="logical" name="LSCALU"> F  </i>
   <i type="logical" name="LASYNC"> F  </i>
   <i type="logical" name="LORBITALREAL"> F  </i>
  </separator>
  <separator name="miscellaneous" >
   <i type="int" name="IDIOT">     3</i>
   <i type="int" name="PHON_NSTRUCT">    -1</i>
   <i type="logical" name="LMUSIC"> F  </i>
   <v name="POMASS">     28.08500000</v>
   <v name="DARWINR">      0.00000000</v>
   <v name="DARWINV">      1.00000000</v>
   <i type="logical" name="LCORR"> T  </i>
  </separator>
  <i type="logical" name="GGA_COMPAT"> T  </i>
  <i type="logical" name="LBERRY"> F  </i>
  <i type="int" name="ICORELEVEL">     0</i>
  <i type="logical" name="LDAU"> F  </i>
  <i type="int" name="I_CONSTRAINED_M">     0</i>
  <separator name="electronic exchange-correlation" >
   <i type="string" name="GGA">PE</i>
   <i type="int" name="VOSKOWN">     0</i>
   <i type="logical" name="LHFCALC"> F  </i>
   <i type="string" name="PRECFOCK"></i>
   <i type="logical" name="LSYMGRAD"> F  </i>
   <i type="logical" name="LHFONE"> F  </i>
   <i type="logical" name="LRHFCALC"> F  </i>
   <i type="logical" name="LTHOMAS"> F  </i>
   <i type="logical" name="LMODELHF"> F  </i>
   <i type="logical" name="LFOCKACE"> F  </i>
   <i name="ENCUT4O">     -1.00000000</i>
   <i type="int" name="EXXOEP">     0</i>
   <i type="int" name="FOURORBIT">     0</i>
   <i name="AEXX">      0.00000000</i>
   <i name="HFALPHA">      0.00000000</i>
   <i name="MCALPHA">      0.00000000</i>
   <i name="ALDAX">      1.00000000</i>
   <i name="AGGAX">      1.00000000</i>
   <i name="ALDAC">      1.00000000</i>
   <i name="AGGAC">      1.00000000</i>
   <i type="int" name="NKREDX">     1</i>
   <i type="int" name="NKREDY">     1</i>
   <i type="int" name="NKREDZ">     1</i>
   <i type="logical" name="SHIFTRED"> F  </i>
   <i type="logical" name="ODDONLY"> F  </i>
   <i type="logical" name="EVENONLY"> F  </i>
   <i type="int" name="LMAXFOCK">     0</i>
   <i type="int" name="NMAXFOCKAE">     0</i>
   <i type="logical" name="LFOCKAEDFT"> F  </i>
   <i name="HFSCREEN">      0.00000000</i>
   <i name="HFSCREENC">      0.00000000</i>
   <i type="int" name="NBANDSGWLOW">     0</i>
  </separator>
  <separator name="vdW DFT" >
   <i type="logical" name="LUSE_VDW"> F  </i>
   <i name="Zab_VDW">     -0.84910000</i>
   <i name="PARAM1">      0.12340000</i>
   <i name="PARAM2">      1.00000000</i>
   <i name="PARAM3">      0.00000000</i>
  </separator>
  <separator name="model GW" >
   <i type="int" name="MODEL_GW">     0</i>
   <i name="MODEL_EPS0">     12.00772552</i>
   <i name="MODEL_ALPHA">      1.00000000</i>
  </separator>
  <separator name="linear response parameters" >
   <i type="logical" name="LEPSILON"> F  </i>
   <i type="logical" name="LRPA"> F  </i>
   <i type="logical" name="LNABLA"> F  </i>
   <i type="logical" name="LVEL"> F  </i>
   <i type="int" name="KINTER">     0</i>
   <i name="CSHIFT">      0.10000000</i>
   <i name="OMEGAMAX">     -1.00000000</i>
   <i name="DEG_THRESHOLD">      0.00200000</i>
   <i name="RTIME">     -0.10000000</i>
   <i name="WPLASMAI">      0.00000000</i>
   <v name="DFIELD">      0.00000000      0.00000000      0.00000000</v>
   <v name="WPLASMA">      0.00000000      0.00000000      0.00000000      0.00000000      0.00000000      0.00000000      0.00000000      0.00000000      0.00000000</v>
  </separator>
  <separator name="orbital magnetization" >
   <i type="logical" name="NUCIND"> F  </i>
   <v name="MAGPOS">      0.00000000      0.00000000      0.00000000</v>
   <i type="logical" name="LNICSALL"> T  </i>
   <i type="logical" name="ORBITALMAG"> F  </i>
   <i type="logical" name="LMAGBLOCH"> F  </i>
   <i type="logical" name="LCHIMAG"> F  </i>
   <i type="logical" name="LGAUGE"> T  </i>
   <i type="int" name="MAGATOM">     0</i>
   <v name="MAGDIPOL">      0.00000000      0.00000000      0.00000000</v>
   <v name="AVECCONST">      0.00000000      0.00000000      0.00000000</v>
  </separator>
  <separator name="response functions" >
   <i type="logical" name="LFINITE_TEMPERATURE"> F  </i>
   <i type="logical" name="LADDER"> F  </i>
   <i type="logical" name="LRPAFORCE"> F  </i>
   <i type="logical" name="LFXC"> F  </i>
   <i type="logical" name="LHARTREE"> T  </i>
   <i type="int" name="IBSE">     0</i>
   <v type="int" name="KPOINT">    -1     0     0     0</v>
   <i type="logical" name="LTCTC"> F  </i>
   <i type="logical" name="LTCTE"> F  </i>
   <i type="logical" name="LTETE"> F  </i>
   <i type="logical" name="LTRIPLET"> F  </i>
   <i type="logical" name="LFXCEPS"> F  </i>
   <i type="logical" name="LFXHEG"> F  </i>
   <i type="int" name="NATURALO">     2</i>
   <i type="logical" name="LHOLEGF"> F  </i>
   <i type="logical" name="L2ORDER"> F  </i>
   <i type="logical" name="LDMP1"> F  </i>
   <i type="logical" name="LMP2LT"> F  </i>
   <i type="logical" name="LSMP2LT"> F  </i>
   <i type="logical" name="LGWLF"> F  </i>
   <i name="ENCUTGW">     -2.00000000</i>
   <i name="ENCUTGWSOFT">     -2.00000000</i>
   <i name="ENCUTLF">     -1.00000000</i>
   <i type="logical" name="LESF_SPLINES"> F  </i>
   <i type="int" name="LMAXMP2">    -1</i>
   <i name="SCISSOR">      0.00000000</i>
   <i type="int" name="NOMEGA">     0</i>
   <i type="int" name="NOMEGAR">     0</i>
   <i type="int" name="NBANDSGW">    -1</i>
   <i type="int" name="NBANDSO">    -1</i>
   <i type="int" name="NBANDSV">    -1</i>
   <i type="int" name="NELM">     1</i>
   <i type="int" name="NELMHF">     1</i>
   <i type="int" name="DIM">     3</i>
   <i type="int" name="IESPILON">     4</i>
   <i type="int" name="ANTIRES">     0</i>
   <i name="OMEGAMAX">    -30.00000000</i>
   <i name="OMEGAMIN">    -30.00000000</i>
   <i name="OMEGATL">   -200.00000000</i>
   <i type="int" name="OMEGAGRID">     0</i>
   <i name="CSHIFT">     -0.10000000</i>
   <i type="logical" name="LSELFENERGY"> F  </i>
   <i type="logical" name="LSPECTRAL"> F  </i>
   <i type="logical" name="LSPECTRALGW"> F  </i>
   <i type="logical" name="LSINGLES"> F  </i>
   <i type="logical" name="LFERMIGW"> F  </i>
   <i type="logical" name="ODDONLYGW"> F  </i>
   <i type="logical" name="EVENONLYGW"> F  </i>
   <i type="int" name="NKREDLFX">     1</i>
   <i type="int" name="NKREDLFY">     1</i>
   <i type="int" name="NKREDLFZ">     1</i>
   <i type="int" name="MAXMEM">  2800</i>
   <i type="int" name="TELESCOPE">     0</i>
   <i type="int" name="NTAUPAR">    -1</i>
   <i type="int" name="NOMEGAPAR">    -1</i>
   <i name="LAMBDA">      1.00000000</i>
  </separator>
  <separator name="External order field" >
   <i name="OFIELD_KAPPA">      0.00000000</i>
   <v name="OFIELD_K">      0.00000000      0.00000000      0.00000000</v>
   <i name="OFIELD_Q6_NEAR">      0.00000000</i>
   <i name="OFIELD_Q6_FAR">      0.00000000</i>
   <i name="OFIELD_A">      0.00000000</i>
  </separator>
 </parameters>
 <atominfo>
  <atoms>       2 </atoms>
  <types>       1 </types>
  <array name="atoms" >
   <dimension dim="1">ion</dimension>
   <field type="string">element</field>
   <field type="int">atomtype</field>
   <set>
    <rc><c>Si</c><c>   1</c></rc>
    <rc><c>Si</c><c>   1</c></rc>
   </set>
  </array>
  <array name="atomtypes" >
   <dimension dim="1">type</dimension>
   <field type="int">atomspertype</field>
   <field type="string">element</field>
   <field>mass</field>
   <field>valence</field>
   <field type="string">pseudopotential</field>
   <set>
    <rc><c>   2</c><c>Si</c><c>     28.08500000</c><c>      4.00000000</c><c>  PAW Si_d_GW 07Feb2008                 </c></rc>
   </set>
  </array>
 </atominfo>
 <structure name="initialpos" >
  <crystal>
   <varray name="basis" >
    <v>       2.71500000       2.71500000       0.00000000 </v>
    <v>       0.00000000       2.71500000       2.71500000 </v>
    <v>       2.71500000       0.00000000       2.71500000 </v>
   </varray>
   <i name="volume">     40.02575175 </i>
   <varray name="rec_basis" >
    <v>       0.18416206       0.18416206      -0.18416206 </v>
    <v>      -0.18416206       0.18416206       0.18416206 </v>
    <v>       0.18416206      -0.18416206       0.18416206 </v>
   </varray>
  </crystal>
  <varray name="positions" >
   <v>       0.00000000       0.00000000       0.00000000 </v>
   <v>       0.25000000       0.25000000       0.25000000 </v>
  </varray>
 </structure>
 <calculation>
  <scstep>
   <time name="dav">    0.02    0.02</time>
   <time name="total">    0.02    0.02</time>
   <energy>
    <i name="alphaZ">      5.20853918 </i>
    <i name="ewald">   -228.56352493 </i>
    <i name="hartreedc">    -11.08406980 </i>
    <i name="XCdc">    -20.10239944 </i>
    <i name="pawpsdc">    179.75066992 </i>
    <i name="pawaedc">   -143.09911061 </i>
    <i name="eentropy">     -0.00111172 </i>
    <i name="bandstr">      9.06441223 </i>
    <i name="atom">    206.28725891 </i>
    <i name="e_fr_energy">     -2.53933627 </i>
    <i name="e_wo_entrp">     -2.53822454 </i>
    <i name="e_0_energy">     -2.53896569 </i>
   </energy>
  </scstep>
  <scstep>
   <time name="dav">    0.02    0.02</time>
   <time name="total">    0.02    0.02</time>
   <energy>
    <i name="e_fr_energy">    -10.80065143 </i>
    <i name="e_wo_entrp">    -10.80071967 </i>
    <i name="e_0_energy">    -10.80067417 </i>
   </energy>
  </scstep>
  <scstep>
   <time name="dav">    0.02    0.02</time>
   <time name="total">    0.02    0.02</time>
   <energy>
    <i name="e_fr_energy">    -10.90649339 </i>
    <i name="e_wo_entrp">    -10.90662930 </i>
    <i name="e_0_energy">    -10.90653869 </i>
   </energy>
  </scstep>
  <scstep>
   <time name="dav">    0.02    0.02</time>
   <time name="total">    0.02    0.02</time>
   <energy>
    <i name="e_fr_energy">    -10.90697635 </i>
    <i name="e_wo_entrp">    -10.90711224 </i>
    <i name="e_0_energy">    -10.90702165 </i>
   </energy>
  </scstep>
  <scstep>
   <time name="dav">    0.02    0.02</time>
   <time name="total">    0.02    0.02</time>
   <energy>
    <i name="e_fr_energy">    -10.90697813 </i>
    <i name="e_wo_entrp">    -10.90711402 </i>
    <i name="e_0_energy">    -10.90702343 </i>
   </energy>
  </scstep>
  <scstep>
   <time name="dav">    0.01    0.01</time>
   <time name="total">    0.02    0.02</time>
   <energy>
    <i name="e_fr_energy">    -10.77997081 </i>
    <i name="e_wo_entrp">    -10.78010670 </i>
    <i name="e_0_energy">    -10.78001611 </i>
   </energy>
  </scstep>
  <scstep>
   <time name="dav">    0.01    0.01</time>
   <time name="total">    0.02    0.02</time>
   <energy>
    <i name="e_fr_energy">    -10.72012311 </i>
    <i name="e_wo_entrp">    -10.72025900 </i>
    <i name="e_0_energy">    -10.72016840 </i>
   </energy>
  </scstep>
  <scstep>
   <time name="dav">    0.01    0.01</time>
   <time name="total">    0.02    0.02</time>
   <energy>
    <i name="e_fr_energy">    -10.72194231 </i>
    <i name="e_wo_entrp">    -10.72207820 </i>
    <i name="e_0_energy">    -10.72198761 </i>
   </energy>
  </scstep>
  <scstep>
   <time name="dav">    0.01    0.01</time>
   <time name="total">    0.02    0.02</time>
   <energy>
    <i name="e_fr_energy">    -10.72210125 </i>
    <i name="e_wo_entrp">    -10.72223713 </i>
    <i name="e_0_energy">    -10.72214654 </i>
   </energy>
  </scstep>
  <scstep>
   <time name="dav">    0.01    0.01</time>
   <time name="total">    0.01    0.01</time>
   <energy>
    <i name="alphaZ">      5.20853918 </i>
    <i name="ewald">   -228.56352493 </i>
    <i name="hartreedc">    -15.27156203 </i>
    <i name="XCdc">    -19.41106947 </i>
    <i name="pawpsdc">    274.29731708 </i>
    <i name="pawaedc">   -237.82269101 </i>
    <i name="eentropy">      0.00013589 </i>
    <i name="bandstr">      4.55347523 </i>
    <i name="atom">    206.28725891 </i>
    <i name="e_fr_energy">    -10.72212117 </i>
    <i name="e_wo_entrp">    -10.72225706 </i>
    <i name="e_0_energy">    -10.72216647 </i>
   </energy>
  </scstep>
  <structure>
   <crystal>
    <varray name="basis" >
     <v>       2.71500000       2.71500000       0.00000000 </v>
     <v>       0.00000000       2.71500000       2.71500000 </v>
     <v>       2.71500000       0.00000000       2.71500000 </v>
    </varray>
    <i name="volume">     40.02575175 </i>
    <varray name="rec_basis" >
     <v>       0.18416206       0.18416206      -0.18416206 </v>
     <v>      -0.18416206       0.18416206       0.18416206 </v>
     <v>       0.18416206      -0.18416206       0.18416206 </v>
    </varray>
   </crystal>
   <varray name="positions" >
    <v>       0.00000000       0.00000000       0.00000000 </v>
    <v>       0.25000000       0.25000000       0.25000000 </v>
   </varray>
  </structure>
  <varray name="forces" >
   <v>      -0.00000000      -0.00000000       0.00000000 </v>
   <v>       0.00000000       0.00000000      -0.00000000 </v>
  </varray>
  <varray name="stress" >
   <v>      18.72332529      -0.00000000      -0.00000000 </v>
   <v>       0.00000000      18.72332529       0.00000000 </v>
   <v>      -0.00000000       0.00000000      18.72332529 </v>
  </varray>
  <energy>
   <i name="e_fr_energy">    -10.72212117 </i>
   <i name="e_wo_entrp">    -10.72225706 </i>
   <i name="e_0_energy">    -10.72216647 </i>
  </energy>
  <time name="totalsc">    0.25    0.25</time>
  <eigenvalues>
   <array>
    <dimension dim="1">band</dimension>
    <dimension dim="2">kpoint</dimension>
    <dimension dim="3">spin</dimension>
    <field>eigene</field>
    <field>occ</field>
    <set>
     <set comment="spin 1">
      <set comment="kpoint 1">
       <r>   -6.3562    1.0000 </r>
       <r>    5.6227    1.0000 </r>
       <r>    5.6227    1.0000 </r>
       <r>    5.6227    1.0000 </r>
       <r>    8.1747    0.0000 </r>
       <r>    8.1748    0.0000 </r>
       <r>    8.1748    0.0000 </r>
       <r>    8.9565    0.0000 </r>
       <r>   13.3994    0.0000 </r>
       <r>   13.3994    0.0000 </r>
      </set>
      <set comment="kpoint 2">
       <r>   -5.5560    1.0000 </r>
       <r>    1.6824    1.0000 </r>
       <r>    4.8573    1.0000 </r>
       <r>    4.8573    1.0000 </r>
       <r>    7.6388    0.0000 </r>
       <r>    9.1233    0.0000 </r>
       <r>    9.1233    0.0000 </r>
       <r>   12.5283    0.0000 </r>
       <r>   12.8511    0.0000 </r>
       <r>   12.8511    0.0000 </r>
      </set>
      <set comment="kpoint 3">
       <r>   -4.0233    1.0000 </r>
       <r>   -1.3629    1.0000 </r>
       <r>    4.4170    1.0000 </r>
       <r>    4.4170    1.0000 </r>
       <r>    7.1449    0.0000 </r>
       <r>    8.9616    0.0000 </r>
       <r>    8.9616    0.0000 </r>
       <r>   13.3480    0.0000 </r>
       <r>   16.2747    0.0000 </r>
       <r>   16.2747    0.0000 </r>
      </set>
      <set comment="kpoint 4">
       <r>   -5.2733    1.0000 </r>
       <r>    2.0940    1.0000 </r>
       <r>    3.7234    1.0000 </r>
       <r>    3.7234    1.0000 </r>
       <r>    6.7433   -0.0000 </r>
       <r>    8.7540    0.0000 </r>
       <r>   11.3862    0.0000 </r>
       <r>   11.3862    0.0000 </r>
       <r>   13.6827    0.0000 </r>
       <r>   14.6116    0.0000 </r>
      </set>
      <set comment="kpoint 5">
       <r>   -3.6364    1.0000 </r>
       <r>   -0.7751    1.0000 </r>
       <r>    2.0756    1.0000 </r>
       <r>    3.4074    1.0000 </r>
       <r>    7.1384    0.0000 </r>
       <r>   10.0780    0.0000 </r>
       <r>   11.3680    0.0000 </r>
       <r>   11.5501    0.0000 </r>
       <r>   15.8543    0.0000 </r>
       <r>   16.2242    0.0000 </r>
      </set>
      <set comment="kpoint 6">
       <r>   -4.3108    1.0000 </r>
       <r>    0.1289    1.0000 </r>
       <r>    1.8568    1.0000 </r>
       <r>    4.2868    1.0000 </r>
       <r>    8.0674    0.0000 </r>
       <r>   10.4054    0.0000 </r>
       <r>   10.7768    0.0000 </r>
       <r>   11.7598    0.0000 </r>
       <r>   12.1071    0.0000 </r>
       <r>   15.2753    0.0000 </r>
      </set>
      <set comment="kpoint 7">
       <r>   -2.2092    1.0000 </r>
       <r>   -2.2092    1.0000 </r>
       <r>    2.7588    1.0000 </r>
       <r>    2.7588    1.0000 </r>
       <r>    6.3272   -0.0000 </r>
       <r>    6.3272   -0.0000 </r>
       <r>   15.7240    0.0000 </r>
       <r>   15.7240    0.0000 </r>
       <r>   16.7110    0.0000 </r>
       <r>   16.7110    0.0000 </r>
      </set>
      <set comment="kpoint 8">
       <r>   -2.0463    1.0000 </r>
       <r>   -2.0463    1.0000 </r>
       <r>    1.7566    1.0000 </r>
       <r>    1.7566    1.0000 </r>
       <r>    9.9037    0.0000 </r>
       <r>    9.9037    0.0000 </r>
       <r>   10.6183    0.0000 </r>
       <r>   10.6183    0.0000 </r>
       <r>   16.2414    0.0000 </r>
       <r>   16.2414    0.0000 </r>
      </set>
     </set>
    </set>
   </array>
  </eigenvalues>
  <separator name="orbital magnetization" >
   <v name="MAGDIPOLOUT">      0.00000000      0.00000000      0.00000000</v>
  </separator>
  <dos>
   <i name="efermi">      5.66479082 </i>
   <total>
    <array>
     <dimension dim="1">gridpoints</dimension>
     <dimension dim="2">spin</dimension>
     <field>energy</field>
     <field>total</field>
     <field>integrated</field>
     <set>
      <set comment="spin 1">
       <r>    -7.5096     0.0000     0.0000 </r>
       <r>    -7.4250     0.0000     0.0000 </r>
       <r>    -7.3404     0.0000     0.0000 </r>
       <r>    -7.2558     0.0000     0.0000 </r>
       <r>    -7.1712     0.0000     0.0000 </r>
       <r>    -7.0867     0.0000     0.0000 </r>
       <r>    -7.0021     0.0000     0.0000 </r>
       <r>    -6.9175     0.0000     0.0000 </r>
       <r>    -6.8329    -0.0000    -0.0000 </r>
       <r>    -6.7483    -0.0000    -0.0000 </r>
       <r>    -6.6638    -0.0000    -0.0000 </r>
       <r>    -6.5792    -0.0000    -0.0000 </r>
       <r>    -6.4946    -0.0001    -0.0000 </r>
       <r>    -6.4100    -0.0115    -0.0010 </r>
       <r>    -6.3254     0.3540     0.0290 </r>
       <r>    -6.2409     0.0281     0.0313 </r>
       <r>    -6.1563    -0.0010     0.0313 </r>
       <r>    -6.0717    -0.0000     0.0313 </r>
       <r>    -5.9871    -0.0000     0.0312 </r>
       <r>    -5.9025    -0.0000     0.0312 </r>
       <r>    -5.8180    -0.0000     0.0312 </r>
       <r>    -5.7334    -0.0000     0.0312 </r>
       <r>    -5.6488    -0.0366     0.0282 </r>
       <r>    -5.5642     1.1107     0.1221 </r>
       <r>    -5.4796     1.9598     0.2878 </r>
       <r>    -5.3951    -0.0814     0.2810 </r>
       <r>    -5.3105     0.0605     0.2861 </r>
       <r>    -5.2259     2.2014     0.4723 </r>
       <r>    -5.1413    -0.0404     0.4689 </r>
       <r>    -5.0567    -0.0013     0.4688 </r>
       <r>    -4.9722    -0.0000     0.4688 </r>
       <r>    -4.8876    -0.0000     0.4688 </r>
       <r>    -4.8030     0.0000     0.4688 </r>
       <r>    -4.7184    -0.0000     0.4688 </r>
       <r>    -4.6338    -0.0000     0.4688 </r>
       <r>    -4.5493    -0.0000     0.4687 </r>
       <r>    -4.4647    -0.0003     0.4687 </r>
       <r>    -4.3801    -0.1428     0.4567 </r>
       <r>    -4.2955     3.4484     0.7483 </r>
       <r>    -4.2109     1.1641     0.8468 </r>
       <r>    -4.1264    -0.0454     0.8429 </r>
       <r>    -4.0418     0.3190     0.8699 </r>
       <r>    -3.9572     1.2190     0.9730 </r>
       <r>    -3.8726    -0.0504     0.9688 </r>
       <r>    -3.7880    -0.0008     0.9687 </r>
       <r>    -3.7035    -0.2978     0.9435 </r>
       <r>    -3.6189     7.1866     1.5513 </r>
       <r>    -3.5343     2.0411     1.7240 </r>
       <r>    -3.4497    -0.0619     1.7188 </r>
       <r>    -3.3651    -0.0000     1.7188 </r>
       <r>    -3.2806    -0.0000     1.7188 </r>
       <r>    -3.1960     0.0000     1.7188 </r>
       <r>    -3.1114     0.0000     1.7188 </r>
       <r>    -3.0268     0.0000     1.7188 </r>
       <r>    -2.9422     0.0000     1.7188 </r>
       <r>    -2.8577     0.0000     1.7188 </r>
       <r>    -2.7731     0.0000     1.7188 </r>
       <r>    -2.6885    -0.0000     1.7188 </r>
       <r>    -2.6039    -0.0000     1.7188 </r>
       <r>    -2.5193    -0.0000     1.7188 </r>
       <r>    -2.4348    -0.0000     1.7187 </r>
       <r>    -2.3502    -0.0005     1.7187 </r>
       <r>    -2.2656    -0.0745     1.7124 </r>
       <r>    -2.1810     2.0741     1.8878 </r>
       <r>    -2.0964     0.1125     1.8973 </r>
       <r>    -2.0119     4.3444     2.2648 </r>
       <r>    -1.9273     0.2031     2.2820 </r>
       <r>    -1.8427    -0.0086     2.2813 </r>
       <r>    -1.7581    -0.0000     2.2813 </r>
       <r>    -1.6736    -0.0000     2.2812 </r>
       <r>    -1.5890    -0.0000     2.2812 </r>
       <r>    -1.5044    -0.0003     2.2812 </r>
       <r>    -1.4198    -0.0502     2.2770 </r>
       <r>    -1.3352     1.3774     2.3935 </r>
       <r>    -1.2507     0.1559     2.4067 </r>
       <r>    -1.1661    -0.0050     2.4063 </r>
       <r>    -1.0815    -0.0000     2.4063 </r>
       <r>    -0.9969    -0.0000     2.4062 </r>
       <r>    -0.9123    -0.0032     2.4060 </r>
       <r>    -0.8278    -0.2609     2.3839 </r>
       <r>    -0.7432     8.5693     3.1087 </r>
       <r>    -0.6586     0.5834     3.1580 </r>
       <r>    -0.5740    -0.0212     3.1563 </r>
       <r>    -0.4894    -0.0000     3.1563 </r>
       <r>    -0.4049    -0.0000     3.1562 </r>
       <r>    -0.3203    -0.0000     3.1562 </r>
       <r>    -0.2357    -0.0000     3.1562 </r>
       <r>    -0.1511    -0.0000     3.1562 </r>
       <r>    -0.0665    -0.0000     3.1562 </r>
       <r>     0.0180    -0.0165     3.1549 </r>
       <r>     0.1026     0.5314     3.1998 </r>
       <r>     0.1872     4.0734     3.5443 </r>
       <r>     0.2718    -0.1538     3.5313 </r>
       <r>     0.3564    -0.0009     3.5313 </r>
       <r>     0.4409    -0.0000     3.5312 </r>
       <r>     0.5255     0.0000     3.5312 </r>
       <r>     0.6101     0.0000     3.5312 </r>
       <r>     0.6947     0.0000     3.5312 </r>
       <r>     0.7793     0.0000     3.5312 </r>
       <r>     0.8638     0.0000     3.5312 </r>
       <r>     0.9484     0.0000     3.5312 </r>
       <r>     1.0330     0.0000     3.5312 </r>
       <r>     1.1176     0.0000     3.5312 </r>
       <r>     1.2022    -0.0000     3.5312 </r>
       <r>     1.2867    -0.0000     3.5312 </r>
       <r>     1.3713    -0.0000     3.5312 </r>
       <r>     1.4559    -0.0000     3.5312 </r>
       <r>     1.5405    -0.0007     3.5312 </r>
       <r>     1.6251    -0.1039     3.5224 </r>
       <r>     1.7096     2.6674     3.7480 </r>
       <r>     1.7942     4.5785     4.1353 </r>
       <r>     1.8788     3.9613     4.4703 </r>
       <r>     1.9634     0.7118     4.5305 </r>
       <r>     2.0480     0.8849     4.6053 </r>
       <r>     2.1325    10.4715     5.4910 </r>
       <r>     2.2171    -0.2582     5.4692 </r>
       <r>     2.3017    -0.0051     5.4688 </r>
       <r>     2.3863    -0.0000     5.4688 </r>
       <r>     2.4709    -0.0000     5.4687 </r>
       <r>     2.5554    -0.0000     5.4687 </r>
       <r>     2.6400    -0.0044     5.4684 </r>
       <r>     2.7246     0.1061     5.4774 </r>
       <r>     2.8092     2.1725     5.6611 </r>
       <r>     2.8938    -0.0564     5.6563 </r>
       <r>     2.9783    -0.0010     5.6563 </r>
       <r>     3.0629    -0.0000     5.6562 </r>
       <r>     3.1475    -0.0000     5.6562 </r>
       <r>     3.2321    -0.0000     5.6562 </r>
       <r>     3.3167    -0.1232     5.6458 </r>
       <r>     3.4012     3.6458     5.9542 </r>
       <r>     3.4858     5.5620     6.4246 </r>
       <r>     3.5704    -0.2173     6.4062 </r>
       <r>     3.6550    -0.1457     6.3939 </r>
       <r>     3.7396     3.5106     6.6908 </r>
       <r>     3.8241     1.1026     6.7841 </r>
       <r>     3.9087    -0.0337     6.7813 </r>
       <r>     3.9933    -0.0000     6.7813 </r>
       <r>     4.0779    -0.0000     6.7812 </r>
       <r>     4.1625    -0.0054     6.7808 </r>
       <r>     4.2470     0.0552     6.7855 </r>
       <r>     4.3316     4.3779     7.1557 </r>
       <r>     4.4162     1.4473     7.2782 </r>
       <r>     4.5008     1.5725     7.4112 </r>
       <r>     4.5854    -0.0580     7.4063 </r>
       <r>     4.6699    -0.0000     7.4062 </r>
       <r>     4.7545    -0.0393     7.4029 </r>
       <r>     4.8391     1.3009     7.5130 </r>
       <r>     4.9237     4.8513     7.9233 </r>
       <r>     5.0083    -0.2008     7.9063 </r>
       <r>     5.0928    -0.0005     7.9063 </r>
       <r>     5.1774    -0.0000     7.9062 </r>
       <r>     5.2620    -0.0000     7.9062 </r>
       <r>     5.3466    -0.0000     7.9062 </r>
       <r>     5.4312    -0.0000     7.9062 </r>
       <r>     5.5157    -0.0055     7.9058 </r>
       <r>     5.6003     0.1828     7.9212 </r>
       <r>     5.6849     0.9703     8.0033 </r>
       <r>     5.7695    -0.0391     8.0000 </r>
       <r>     5.8541    -0.0001     8.0000 </r>
       <r>     5.9386    -0.0000     8.0000 </r>
       <r>     6.0232    -0.0000     8.0000 </r>
       <r>     6.1078    -0.0000     8.0000 </r>
       <r>     6.1924    -0.0010     7.9999 </r>
       <r>     6.2770    -0.0559     7.9952 </r>
       <r>     6.3615     2.1740     8.1791 </r>
       <r>     6.4461     0.1041     8.1879 </r>
       <r>     6.5307    -0.0044     8.1875 </r>
       <r>     6.6153    -0.0019     8.1873 </r>
       <r>     6.6999    -0.0109     8.1864 </r>
       <r>     6.7844     2.2196     8.3741 </r>
       <r>     6.8690     0.0125     8.3752 </r>
       <r>     6.9536    -0.0024     8.3750 </r>
       <r>     7.0382    -0.0774     8.3685 </r>
       <r>     7.1228     2.5272     8.5822 </r>
       <r>     7.2073     8.2361     9.2788 </r>
       <r>     7.2919    -0.3399     9.2501 </r>
       <r>     7.3765    -0.0007     9.2500 </r>
       <r>     7.4611    -0.0000     9.2500 </r>
       <r>     7.5456    -0.0358     9.2470 </r>
       <r>     7.6302     1.0912     9.3393 </r>
       <r>     7.7148     1.9795     9.5067 </r>
       <r>     7.7994    -0.0790     9.5000 </r>
       <r>     7.8840    -0.0001     9.5000 </r>
       <r>     7.9685    -0.0382     9.4968 </r>
       <r>     8.0531     1.2317     9.6009 </r>
       <r>     8.1377     3.4095     9.8893 </r>
       <r>     8.2223     0.9607     9.9706 </r>
       <r>     8.3069    -0.0209     9.9688 </r>
       <r>     8.3914    -0.0007     9.9688 </r>
       <r>     8.4760    -0.0000     9.9687 </r>
       <r>     8.5606    -0.0000     9.9687 </r>
       <r>     8.6452    -0.0096     9.9679 </r>
       <r>     8.7298     0.3164     9.9947 </r>
       <r>     8.8143     1.9881    10.1629 </r>
       <r>     8.8989    -0.1949    10.1464 </r>
       <r>     8.9835     2.9106    10.3925 </r>
       <r>     9.0681     0.3541    10.4225 </r>
       <r>     9.1527     5.5840    10.8948 </r>
       <r>     9.2372     0.5223    10.9390 </r>
       <r>     9.3218    -0.0173    10.9375 </r>
       <r>     9.4064    -0.0000    10.9375 </r>
       <r>     9.4910    -0.0000    10.9375 </r>
       <r>     9.5756    -0.0000    10.9375 </r>
       <r>     9.6601    -0.0000    10.9375 </r>
       <r>     9.7447    -0.0001    10.9375 </r>
       <r>     9.8293    -0.1247    10.9269 </r>
       <r>     9.9139     3.0870    11.1880 </r>
       <r>     9.9985     1.3121    11.2990 </r>
       <r>    10.0830     5.3472    11.7513 </r>
       <r>    10.1676     3.8100    12.0735 </r>
       <r>    10.2522    -0.1307    12.0625 </r>
       <r>    10.3368    -0.1448    12.0502 </r>
       <r>    10.4214     3.4932    12.3457 </r>
       <r>    10.5059     1.1051    12.4392 </r>
       <r>    10.5905     0.4279    12.4753 </r>
       <r>    10.6751     4.1057    12.8226 </r>
       <r>    10.7597     0.8932    12.8981 </r>
       <r>    10.8443     3.5694    13.2000 </r>
       <r>    10.9288    -0.1480    13.1875 </r>
       <r>    11.0134    -0.0003    13.1875 </r>
       <r>    11.0980    -0.0000    13.1875 </r>
       <r>    11.1826    -0.0000    13.1875 </r>
       <r>    11.2672    -0.0758    13.1811 </r>
       <r>    11.3517     2.4039    13.3844 </r>
       <r>    11.4363    11.3510    14.3445 </r>
       <r>    11.5209     0.4020    14.3785 </r>
       <r>    11.6055     8.3799    15.0872 </r>
       <r>    11.6901    -0.4320    15.0507 </r>
       <r>    11.7746     3.4189    15.3399 </r>
       <r>    11.8592     1.1908    15.4406 </r>
       <r>    11.9438    -0.0368    15.4375 </r>
       <r>    12.0284    -0.1075    15.4284 </r>
       <r>    12.1130     2.7618    15.6620 </r>
       <r>    12.1975     1.8419    15.8178 </r>
       <r>    12.2821    -0.0624    15.8125 </r>
       <r>    12.3667    -0.0001    15.8125 </r>
       <r>    12.4513    -0.0764    15.8060 </r>
       <r>    12.5359     1.9297    15.9692 </r>
       <r>    12.6204     1.1404    16.0657 </r>
       <r>    12.7050    -0.0387    16.0624 </r>
       <r>    12.7896    -0.2087    16.0448 </r>
       <r>    12.8742     5.2226    16.4865 </r>
       <r>    12.9588     0.9266    16.5649 </r>
       <r>    13.0433    -0.0280    16.5625 </r>
       <r>    13.1279    -0.0000    16.5625 </r>
       <r>    13.2125    -0.0006    16.5624 </r>
       <r>    13.2971    -0.0442    16.5587 </r>
       <r>    13.3817     1.6111    16.6950 </r>
       <r>    13.4662     0.6787    16.7524 </r>
       <r>    13.5508    -0.0294    16.7499 </r>
       <r>    13.6354    -0.0400    16.7465 </r>
       <r>    13.7200     2.2020    16.9328 </r>
       <r>    13.8046     0.0595    16.9378 </r>
       <r>    13.8891    -0.0034    16.9375 </r>
       <r>    13.9737    -0.0000    16.9375 </r>
       <r>    14.0583    -0.0000    16.9375 </r>
       <r>    14.1429    -0.0000    16.9375 </r>
       <r>    14.2275    -0.0000    16.9375 </r>
       <r>    14.3120    -0.0000    16.9375 </r>
       <r>    14.3966    -0.0000    16.9375 </r>
       <r>    14.4812    -0.0016    16.9374 </r>
       <r>    14.5658    -0.0297    16.9349 </r>
       <r>    14.6504     2.2115    17.1219 </r>
       <r>    14.7349     0.0396    17.1253 </r>
       <r>    14.8195    -0.0030    17.1250 </r>
       <r>    14.9041    -0.0000    17.1250 </r>
       <r>    14.9887    -0.0000    17.1250 </r>
       <r>    15.0733    -0.0000    17.1250 </r>
       <r>    15.1578    -0.0098    17.1242 </r>
       <r>    15.2424     0.2587    17.1461 </r>
       <r>    15.3270     4.3106    17.5106 </r>
       <r>    15.4116    -0.1240    17.5001 </r>
       <r>    15.4962    -0.0018    17.5000 </r>
       <r>    15.5807    -0.0004    17.5000 </r>
       <r>    15.6653    -0.0772    17.4934 </r>
       <r>    15.7499     1.9761    17.6606 </r>
       <r>    15.8345     2.0260    17.8319 </r>
       <r>    15.9191     7.4681    18.4636 </r>
       <r>    16.0036    -0.3075    18.4376 </r>
       <r>    16.0882    -0.0048    18.4372 </r>
       <r>    16.1728    -0.4085    18.4026 </r>
       <r>    16.2574    12.8236    19.4872 </r>
       <r>    16.3420     3.9981    19.8254 </r>
       <r>    16.4265    -0.1523    19.8125 </r>
       <r>    16.5111    -0.0002    19.8125 </r>
       <r>    16.5957    -0.0058    19.8120 </r>
       <r>    16.6803     0.1684    19.8263 </r>
       <r>    16.7648     2.1238    20.0059 </r>
       <r>    16.8494    -0.0688    20.0001 </r>
       <r>    16.9340    -0.0007    20.0000 </r>
       <r>    17.0186    -0.0000    20.0000 </r>
       <r>    17.1032     0.0000    20.0000 </r>
       <r>    17.1877     0.0000    20.0000 </r>
       <r>    17.2723     0.0000    20.0000 </r>
       <r>    17.3569     0.0000    20.0000 </r>
       <r>    17.4415     0.0000    20.0000 </r>
       <r>    17.5261     0.0000    20.0000 </r>
       <r>    17.6106     0.0000    20.0000 </r>
       <r>    17.6952     0.0000    20.0000 </r>
       <r>    17.7798     0.0000    20.0000 </r>
       <r>    17.8644     0.0000    20.0000 </r>
      </set>
     </set>
    </array>
   </total>
  </dos>
 </calculation>
 <structure name="finalpos" >
  <crystal>
   <varray name="basis" >
    <v>       2.71500000       2.71500000       0.00000000 </v>
    <v>       0.00000000       2.71500000       2.71500000 </v>
    <v>       2.71500000       0.00000000       2.71500000 </v>
   </varray>
   <i name="volume">     40.02575175 </i>
   <varray name="rec_basis" >
    <v>       0.18416206       0.18416206      -0.18416206 </v>
    <v>      -0.18416206       0.18416206       0.18416206 </v>
    <v>       0.18416206      -0.18416206       0.18416206 </v>
   </varray>
  </crystal>
  <varray name="positions" >
   <v>       0.00000000       0.00000000       0.00000000 </v>
   <v>       0.25000000       0.25000000       0.25000000 </v>
  </varray>
 </structure>
</modeling>
